codigo_clase,class_name,sector,phi_mass,phi_mass_noself,n_neighbors_pos
0000,,,1.163617,0.163617,79
0111,"Growing of cereals (except rice), leguminous crops and oil seeds",Primario,1.504342,0.504342,149
0112,Growing of rice,Primario,1.277873,0.277873,98
0113,"Growing of vegetables and melons, roots and tubers",Primario,1.2959,0.2959,111
0114,Growing of sugar cane,Primario,1.17493,0.17493,80
0115,Growing of tobacco,Primario,1.040858,0.040858,24
0116,Growing of fibre crops,Primario,1.048259,0.048259,22
0119,Growing of other non-perennial crops,Primario,1.25188,0.25188,88
0121,Growing of grapes,Primario,1.017581,0.017581,14
0122,Growing of tropical and subtropical fruits,Primario,1.687952,0.687952,194
0123,Growing of citrus fruits,Primario,1.165549,0.165549,75
0124,Growing of pome fruits and stone fruits,Primario,1.008535,0.008535,13
0125,Growing of other tree and bush fruits and nuts,Primario,1.233411,0.233411,95
0126,Growing of oleaginous fruits,Primario,1.450257,0.450257,134
0127,Growing of beverage crops,Primario,1.636903,0.636903,194
0128,"Growing of spices, aromatic, drug and pharmaceutical crops",Primario,1.073954,0.073954,52
0129,Growing of other perennial crops,Primario,1.234693,0.234693,74
0130,Plant propagation,Primario,1.393388,0.393388,112
0141,Raising of cattle and buffaloes,Primario,1.768956,0.768956,206
0142,Raising of horses and other equines,Primario,1.028465,0.028465,28
0144,Raising of sheep and goats,Primario,1.044657,0.044657,25
0145,Raising of swine/pigs,Primario,1.406008,0.406008,140
0146,Raising of poultry,Primario,1.448846,0.448846,129
0149,Raising of other animals,Primario,1.178896,0.178896,72
0150,Mixed farming,Primario,1.414854,0.414854,130
0161,Support activities for crop production,Primario,1.381027,0.381027,109
0162,Support activities for animal production,Primario,1.315663,0.315663,64
0163,Post-harvest crop activities,Primario,1.414946,0.414946,97
0164,Seed processing for propagation,Primario,1.176982,0.176982,44
0170,"Hunting, trapping and related service activities",Primario,1.011582,0.011582,4
0210,Silviculture and other forestry activities,Primario,1.393658,0.393658,92
0220,Logging,Primario,1.264051,0.264051,61
0230,Gathering of non-wood forest products,Primario,1.002395,0.002395,2
0240,Support services to forestry,Primario,1.127277,0.127277,33
0311,Marine fishing,Primario,1.335548,0.335548,74
0312,Freshwater fishing,Primario,1.035565,0.035565,18
0321,Marine aquaculture,Primario,1.672642,0.672642,169
0322,Freshwater aquaculture,Primario,1.241689,0.241689,78
0510,Mining of hard coal,Primario,1.082683,0.082683,15
0520,Mining of lignite,Primario,1.006159,0.006159,9
0610,Extraction of crude petroleum,Primario,1.321792,0.321792,12
0620,Extraction of natural gas,Primario,1.616305,0.616305,49
0710,Mining of iron ores,Primario,1.142573,0.142573,19
0721,Mining of uranium and thorium ores,Primario,1.050662,0.050662,3
0729,Mining of other non-ferrous metal ores,Primario,1.495902,0.495902,113
0810,"Quarrying of stone, sand and clay",Primario,1.399573,0.399573,95
0891,Mining of chemical and fertilizer minerals,Primario,1.110871,0.110871,13
0893,Extraction of salt,Primario,1.009853,0.009853,9
0899,Other mining and quarrying n.e.c.,Primario,1.198593,0.198593,24
0910,Support activities for petroleum and natural gas extraction,Primario,1.481145,0.481145,61
0990,Support activities for other mining and quarrying,Primario,1.255159,0.255159,35
1010,Processing and preserving of meat,Secundario,1.563104,0.563104,125
1020,"Processing and preserving of fish, crustaceans and molluscs",Secundario,1.327671,0.327671,62
1030,Processing and preserving of fruit and vegetables,Secundario,1.397377,0.397377,133
1040,Manufacture of vegetable and animal oils and fats,Secundario,1.173288,0.173288,50
1050,Manufacture of dairy products,Secundario,1.299786,0.299786,116
1061,Manufacture of grain mill products,Secundario,1.315504,0.315504,79
1062,Manufacture of starches and starch products,Secundario,1.024524,0.024524,10
1071,Manufacture of bakery products,Secundario,1.470269,0.470269,156
1072,Manufacture of sugar,Secundario,1.234576,0.234576,60
1073,"Manufacture of cocoa, chocolate and sugar confectionery",Secundario,1.219567,0.219567,79
1074,"Manufacture of macaroni, noodles, couscous and similar farinaceous products",Secundario,1.077411,0.077411,24
1075,Manufacture of prepared meals and dishes,Secundario,1.217522,0.217522,95
1079,Manufacture of other food products n.e.c.,Secundario,1.505133,0.505133,138
1080,Manufacture of prepared animal feeds,Secundario,1.285764,0.285764,64
1101,"Distilling, rectifying and blending of spirits",Secundario,1.17702,0.17702,50
1102,Manufacture of wines,Secundario,1.08218,0.08218,29
1103,Manufacture of malt liquors and malt,Secundario,1.096622,0.096622,39
1104,Manufacture of soft drinks; production of mineral waters and other bottled waters,Secundario,1.378189,0.378189,131
1200,Manufacture of tobacco products,Secundario,1.005537,0.005537,6
1311,Preparation and spinning of textile fibres,Secundario,1.387351,0.387351,30
1312,Weaving of textiles,Secundario,1.164983,0.164983,36
1313,Finishing of textiles,Secundario,1.098552,0.098552,56
1391,Manufacture of knitted and crocheted fabrics,Secundario,1.065155,0.065155,12
1392,"Manufacture of made-up textile articles, except apparel",Secundario,1.355373,0.355373,110
1393,Manufacture of carpets and rugs,Secundario,1.05958,0.05958,18
1394,"Manufacture of cordage, rope, twine and netting",Secundario,1.18367,0.18367,20
1399,Manufacture of other textiles n.e.c.,Secundario,1.187093,0.187093,58
1410,"Manufacture of wearing apparel, except fur apparel",Secundario,1.756454,0.756454,199
1420,Manufacture of articles of fur,Secundario,1.08652,0.08652,14
1430,Manufacture of knitted and crocheted apparel,Secundario,1.048606,0.048606,16
1511,Tanning and dressing of leather; dressing and dyeing of fur,Secundario,1.067409,0.067409,11
1512,"Manufacture of luggage, handbags and the like, saddlery and harness",Secundario,1.174442,0.174442,49
1520,Manufacture of footwear,Secundario,1.197863,0.197863,65
1610,Sawmilling and planing of wood,Secundario,1.30779,0.30779,89
1621,Manufacture of veneer sheets and wood-based panels,Secundario,1.090736,0.090736,16
1622,Manufacture of builders' carpentry and joinery,Secundario,1.354225,0.354225,119
1623,Manufacture of wooden containers,Secundario,1.0948,0.0948,34
1629,"Manufacture of other products of wood; manufacture of articles of cork, straw and plaiting materials",Secundario,1.193789,0.193789,57
1701,"Manufacture of pulp, paper and paperboard",Secundario,1.136887,0.136887,29
1702,Manufacture of corrugated paper and paperboard and of containers of paper and paperboard,Secundario,1.130584,0.130584,21
1709,Manufacture of other articles of paper and paperboard,Secundario,1.18099,0.18099,52
1811,Printing,Secundario,1.596295,0.596295,158
1812,Service activities related to printing,Secundario,1.572795,0.572795,155
1820,Reproduction of recorded media,Secundario,1.110917,0.110917,18
1920,Manufacture of refined petroleum products,Secundario,1.307885,0.307885,58
2011,Manufacture of basic chemicals,Secundario,1.429236,0.429236,60
2012,Manufacture of fertilizers and nitrogen compounds,Secundario,1.174067,0.174067,53
2013,Manufacture of plastics and synthetic rubber in primary forms,Secundario,1.139017,0.139017,39
2021,Manufacture of pesticides and other agrochemical products,Secundario,1.174596,0.174596,40
2022,"Manufacture of paints, varnishes and similar coatings, printing ink and mastics",Secundario,1.138626,0.138626,27
2023,"Manufacture of soap and detergents, cleaning and polishing preparations, perfumes and toilet preparations",Secundario,1.322586,0.322586,102
2029,Manufacture of other chemical products n.e.c.,Secundario,1.341174,0.341174,71
2030,Manufacture of man-made fibres,Secundario,1.017413,0.017413,2
2100,"Manufacture of pharmaceuticals, medicinal chemical and botanical products",Secundario,1.386175,0.386175,67
2211,Manufacture of rubber tyres and tubes; retreading and rebuilding of rubber tyres,Secundario,1.044467,0.044467,19
2219,Manufacture of other rubber products,Secundario,1.413497,0.413497,52
2220,Manufacture of plastics products,Secundario,1.445077,0.445077,113
2310,Manufacture of glass and glass products,Secundario,1.164142,0.164142,51
2391,Manufacture of refractory products,Secundario,1.208779,0.208779,49
2392,Manufacture of clay building materials,Secundario,1.118906,0.118906,34
2393,Manufacture of other porcelain and ceramic products,Secundario,1.145073,0.145073,54
2394,"Manufacture of cement, lime and plaster",Secundario,1.282206,0.282206,28
2395,"Manufacture of articles of concrete, cement and plaster",Secundario,1.29391,0.29391,93
2396,"Cutting, shaping and finishing of stone",Secundario,1.249845,0.249845,35
2399,Manufacture of other non-metallic mineral products n.e.c.,Secundario,1.573739,0.573739,60
2410,Manufacture of basic iron and steel,Secundario,1.335341,0.335341,68
2420,Manufacture of basic precious and other non-ferrous metals,Secundario,1.23929,0.23929,36
2431,Casting of iron and steel,Secundario,1.179775,0.179775,36
2432,Casting of non-ferrous metals,Secundario,1.058632,0.058632,12
2511,Manufacture of structural metal products,Secundario,1.450734,0.450734,146
2512,"Manufacture of tanks, reservoirs and containers of metal",Secundario,1.612974,0.612974,59
2513,"Manufacture of steam generators, except central heating hot water boilers",Secundario,1.005802,0.005802,9
2520,Manufacture of weapons and ammunition,Secundario,1.024107,0.024107,4
2591,"Forging, pressing, stamping and roll-forming of metal; powder metallurgy",Secundario,1.076222,0.076222,27
2592,Treatment and coating of metals; machining,Secundario,1.32468,0.32468,110
2593,"Manufacture of cutlery, hand tools and general hardware",Secundario,1.265555,0.265555,76
2599,Manufacture of other fabricated metal products n.e.c.,Secundario,1.460643,0.460643,92
2610,Manufacture of electronic components and boards,Secundario,1.299685,0.299685,25
2620,Manufacture of computers and peripheral equipment,Secundario,1.146957,0.146957,31
2630,Manufacture of communication equipment,Secundario,1.281196,0.281196,38
2640,Manufacture of consumer electronics,Secundario,1.152991,0.152991,33
2651,"Manufacture of measuring, testing, navigating and control equipment",Secundario,1.137972,0.137972,27
2652,Manufacture of watches and clocks,Secundario,1.000196,0.000196,1
2660,"Manufacture of irradiation, electromedical and electrotherapeutic equipment",Secundario,1.173639,0.173639,17
2670,Manufacture of optical instruments and photographic equipment,Secundario,1.075643,0.075643,19
2710,"Manufacture of electric motors, generators, transformers and electricity distribution and control apparatus",Secundario,1.305444,0.305444,66
2720,Manufacture of batteries and accumulators,Secundario,1.067591,0.067591,14
2731,Manufacture of fibre optic cables,Secundario,1.01903,0.01903,7
2732,Manufacture of other electronic and electric wires and cables,Secundario,1.123694,0.123694,10
2733,Manufacture of wiring devices,Secundario,1.021437,0.021437,6
2740,Manufacture of electric lighting equipment,Secundario,1.15675,0.15675,50
2750,Manufacture of domestic appliances,Secundario,1.041881,0.041881,22
2790,Manufacture of other electrical equipment,Secundario,1.518142,0.518142,51
2811,"Manufacture of engines and turbines, except aircraft, vehicle and cycle engines",Secundario,1.28321,0.28321,47
2812,Manufacture of fluid power equipment,Secundario,1.37518,0.37518,34
2813,"Manufacture of other pumps, compressors, taps and valves",Secundario,1.815707,0.815707,49
2814,"Manufacture of bearings, gears, gearing and driving elements",Secundario,1.05607,0.05607,8
2815,"Manufacture of ovens, furnaces and furnace burners",Secundario,1.774202,0.774202,41
2816,Manufacture of lifting and handling equipment,Secundario,1.62972,0.62972,34
2817,Manufacture of office machinery and equipment (except computers and peripheral equipment),Secundario,1.055258,0.055258,15
2818,Manufacture of power-driven hand tools,Secundario,1.070366,0.070366,14
2819,Manufacture of other general-purpose machinery,Secundario,1.456334,0.456334,111
2821,Manufacture of agricultural and forestry machinery,Secundario,1.16916,0.16916,46
2822,Manufacture of metal-forming machinery and machine tools,Secundario,1.641306,0.641306,41
2823,Manufacture of machinery for metallurgy,Secundario,1.012101,0.012101,8
2824,"Manufacture of machinery for mining, quarrying and construction",Secundario,1.295919,0.295919,42
2825,"Manufacture of machinery for food, beverage and tobacco processing",Secundario,1.39022,0.39022,43
2826,"Manufacture of machinery for textile, apparel and leather production",Secundario,1.014807,0.014807,6
2829,Manufacture of other special-purpose machinery,Secundario,1.600111,0.600111,59
2910,Manufacture of motor vehicles,Secundario,1.186738,0.186738,30
2920,Manufacture of bodies (coachwork) for motor vehicles; manufacture of trailers and semi-trailers,Secundario,1.172691,0.172691,60
2930,Manufacture of parts and accessories for motor vehicles,Secundario,1.190993,0.190993,39
3011,Building of ships and floating structures,Secundario,1.713205,0.713205,64
3012,Building of pleasure and sporting boats,Secundario,1.086583,0.086583,18
3020,Manufacture of railway locomotives and rolling stock,Secundario,1.03404,0.03404,20
3030,Manufacture of air and spacecraft and related machinery,Secundario,1.074669,0.074669,12
3040,Manufacture of military fighting vehicles,Secundario,1.00155,0.00155,1
3091,Manufacture of motorcycles,Secundario,1.246506,0.246506,22
3092,Manufacture of bicycles and invalid carriages,Secundario,1.125525,0.125525,14
3099,Manufacture of other transport equipment n.e.c.,Secundario,1.434129,0.434129,19
3100,Manufacture of furniture,Secundario,1.54212,0.54212,172
3211,Manufacture of jewellery and related articles,Secundario,1.24658,0.24658,64
3212,Manufacture of imitation jewellery and related articles,Secundario,1.181545,0.181545,51
3220,Manufacture of musical instruments,Secundario,1.007621,0.007621,14
3230,Manufacture of sports goods,Secundario,1.060982,0.060982,27
3240,Manufacture of games and toys,Secundario,1.135118,0.135118,47
3250,Manufacture of medical and dental instruments and supplies,Secundario,1.233552,0.233552,69
3290,Other manufacturing n.e.c.,Secundario,1.253683,0.253683,93
3311,Repair of fabricated metal products,Secundario,1.198861,0.198861,67
3312,Repair of machinery,Secundario,1.556767,0.556767,156
3313,Repair of electronic and optical equipment,Secundario,1.293283,0.293283,65
3314,Repair of electrical equipment,Secundario,1.322446,0.322446,98
3315,"Repair of transport equipment, except motor vehicles",Secundario,1.334698,0.334698,50
3319,Repair of other equipment,Secundario,1.015883,0.015883,10
3320,Installation of industrial machinery and equipment,Secundario,1.215383,0.215383,64
3510,"Electric power generation, transmission and distribution",Secundario,1.318184,0.318184,66
3520,Manufacture of gas; distribution of gaseous fuels through mains,Secundario,1.154522,0.154522,54
3530,Steam and air conditioning supply,Secundario,1.238481,0.238481,58
3600,"Water collection, treatment and supply",Secundario,1.640656,0.640656,90
3700,Sewerage,Secundario,1.371663,0.371663,66
3811,Collection of non-hazardous waste,Secundario,1.364125,0.364125,68
3812,Collection of hazardous waste,Secundario,1.242939,0.242939,29
3821,Treatment and disposal of non-hazardous waste,Secundario,1.503073,0.503073,56
3822,Treatment and disposal of hazardous waste,Secundario,1.080617,0.080617,15
3830,Materials recovery,Secundario,1.335083,0.335083,54
3900,Remediation activities and other waste management services,Secundario,1.074022,0.074022,11
4100,Construction of buildings,Secundario,1.893614,0.893614,242
4210,Construction of roads and railways,Secundario,1.705044,0.705044,151
4220,Construction of utility projects,Secundario,1.684261,0.684261,142
4290,Construction of other civil engineering projects,Secundario,1.471803,0.471803,81
4311,Demolition,Secundario,1.051068,0.051068,16
4312,Site preparation,Secundario,1.469528,0.469528,112
4321,Electrical installation,Secundario,1.710257,0.710257,167
4322,"Plumbing, heat and air-conditioning installation",Secundario,1.529502,0.529502,136
4329,Other construction installation,Secundario,1.243627,0.243627,55
4330,Building completion and finishing,Secundario,1.613108,0.613108,166
4390,Other specialized construction activities,Secundario,1.644439,0.644439,177
4510,Sale of motor vehicles,Terciario,1.53077,0.53077,145
4520,Maintenance and repair of motor vehicles,Terciario,1.907165,0.907165,240
4530,Sale of motor vehicle parts and accessories,Terciario,1.99441,0.99441,245
4540,"Sale, maintenance and repair of motorcycles and related parts and accessories",Terciario,1.710623,0.710623,172
4610,Wholesale on a fee or contract basis,Terciario,1.579821,0.579821,189
4620,Wholesale of agricultural raw materials and live animals,Terciario,1.815077,0.815077,212
4630,"Wholesale of food, beverages and tobacco",Terciario,2.106178,1.106178,283
4641,"Wholesale of textiles, clothing and footwear",Terciario,1.892888,0.892888,209
4649,Wholesale of other household goods,Terciario,2.375232,1.375232,303
4651,"Wholesale of computers, computer peripheral equipment and software",Terciario,1.813654,0.813654,185
4652,Wholesale of electronic and telecommunications equipment and parts,Terciario,1.567377,0.567377,125
4653,"Wholesale of agricultural machinery, equipment and supplies",Terciario,1.448411,0.448411,116
4659,Wholesale of other machinery and equipment,Terciario,2.124259,1.124259,279
4661,"Wholesale of solid, liquid and gaseous fuels and related products",Terciario,1.450819,0.450819,116
4662,Wholesale of metals and metal ores,Terciario,1.418137,0.418137,91
4663,"Wholesale of construction materials, hardware, plumbing and heating equipment and supplies",Terciario,2.069971,1.069971,276
4669,Wholesale of waste and scrap and other products n.e.c.,Terciario,1.910693,0.910693,253
4690,Non-specialized wholesale trade,Terciario,2.205543,1.205543,310
4711,"Retail sale in non-specialized stores with food, beverages or tobacco predominating",Terciario,2.136831,1.136831,286
4719,Other retail sale in non-specialized stores,Terciario,1.85321,0.85321,224
4721,Retail sale of food in specialized stores,Terciario,1.988898,0.988898,261
4722,Retail sale of beverages in specialized stores,Terciario,1.848101,0.848101,223
4723,Retail sale of tobacco products in specialized stores,Terciario,1.078976,0.078976,37
4730,Retail sale of automotive fuel in specialized stores,Terciario,1.839019,0.839019,219
4741,"Retail sale of computers, peripheral units, software and telecommunications equipment in specialized stores",Terciario,2.074907,1.074907,236
4742,Retail sale of audio and video equipment in specialized stores,Terciario,1.491505,0.491505,143
4751,Retail sale of textiles in specialized stores,Terciario,1.402637,0.402637,117
4752,"Retail sale of hardware, paints and glass in specialized stores",Terciario,2.019081,1.019081,270
4753,"Retail sale of carpets, rugs, wall and floor coverings in specialized stores",Terciario,1.273288,0.273288,80
4759,"Retail sale of electrical household appliances, furniture, lighting equipment and other household articles in specialized stores",Terciario,2.099357,1.099357,259
4761,"Retail sale of books, newspapers and stationary in specialized stores",Terciario,1.860997,0.860997,220
4762,Retail sale of music and video recordings in specialized stores,Terciario,1.001305,0.001305,5
4763,Retail sale of sporting equipment in specialized stores,Terciario,1.432556,0.432556,116
4764,Retail sale of games and toys in specialized stores,Terciario,1.232507,0.232507,83
4771,"Retail sale of clothing, footwear and leather articles in specialized stores",Terciario,2.073722,1.073722,248
4772,"Retail sale of pharmaceutical and medical goods, cosmetic and toilet articles in specialized stores",Terciario,2.170838,1.170838,262
4773,Other retail sale of new goods in specialized stores,Terciario,2.02033,1.02033,263
4774,Retail sale of second-hand goods,Terciario,1.151801,0.151801,57
4781,"Retail sale via stalls and markets of food, beverages and tobacco products",Terciario,1.22296,0.22296,84
4782,"Retail sale via stalls and markets of textiles, clothing and footwear",Terciario,1.367248,0.367248,113
4789,Retail sale via stalls and markets of other goods,Terciario,1.141796,0.141796,60
4791,Retail sale via mail order houses or via Internet,Terciario,1.361537,0.361537,124
4799,"Other retail sale not in stores, stalls or markets",Terciario,1.992762,0.992762,243
4911,"Passenger rail transport, interurban",Terciario,1.032823,0.032823,11
4912,Freight rail transport,Terciario,1.000088,8.8e-05,1
4921,Urban and suburban passenger land transport,Terciario,1.960559,0.960559,229
4922,Other passenger land transport,Terciario,2.157815,1.157815,301
4923,Freight transport by road,Terciario,2.317671,1.317671,337
4930,Transport via pipeline,Terciario,1.23376,0.23376,29
5011,Sea and coastal passenger water transport,Terciario,1.37378,0.37378,56
5012,Sea and coastal freight water transport,Terciario,1.481887,0.481887,71
5021,Inland passenger water transport,Terciario,1.252358,0.252358,40
5022,Inland freight water transport,Terciario,1.38239,0.38239,50
5110,Passenger air transport,Terciario,1.922208,0.922208,59
5120,Freight air transport,Terciario,1.708084,0.708084,32
5210,Warehousing and storage,Terciario,2.028162,1.028162,242
5221,Service activities incidental to land transportation,Terciario,1.512166,0.512166,155
5222,Service activities incidental to water transportation,Terciario,1.212429,0.212429,26
5223,Service activities incidental to air transportation,Terciario,1.468041,0.468041,33
5224,Cargo handling,Terciario,1.358291,0.358291,100
5229,Other transportation support activities,Terciario,1.59837,0.59837,180
5310,Postal activities,Terciario,1.422121,0.422121,119
5320,Courier activities,Terciario,1.370951,0.370951,103
5510,Short term accommodation activities,Terciario,1.882995,0.882995,243
5520,"Camping grounds, recreational vehicle parks and trailer parks",Terciario,1.129193,0.129193,39
5590,Other accommodation,Terciario,1.271405,0.271405,56
5610,Restaurants and mobile food service activities,Terciario,2.23804,1.23804,327
5621,Event catering,Terciario,1.485345,0.485345,156
5629,Other food service activities,Terciario,1.364087,0.364087,118
5630,Beverage serving activities,Terciario,1.616901,0.616901,182
5811,Book publishing,Terciario,1.204199,0.204199,57
5813,"Publishing of newspapers, journals and periodicals",Terciario,1.232503,0.232503,45
5819,Other publishing activities,Terciario,1.104819,0.104819,33
5820,Software publishing,Terciario,1.155647,0.155647,49
5911,"Motion picture, video and television programme production activities",Terciario,1.242301,0.242301,76
5912,"Motion picture, video and television programme post-production activities",Terciario,1.03744,0.03744,15
5913,"Motion picture, video and television programme distribution activities",Terciario,1.127077,0.127077,6
5914,Motion picture projection activities,Terciario,1.277983,0.277983,40
5920,Sound recording and music publishing activities,Terciario,1.195473,0.195473,63
6010,Radio broadcasting,Terciario,1.561678,0.561678,92
6020,Television programming and broadcasting activities,Terciario,1.243458,0.243458,39
6110,Wired telecommunications activities,Terciario,1.705529,0.705529,99
6120,Wireless telecommunications activities,Terciario,1.693646,0.693646,120
6130,Satellite telecommunications activities,Terciario,1.334734,0.334734,52
6190,Other telecommunications activities,Terciario,1.686374,0.686374,164
6201,Computer programming activities,Terciario,1.477558,0.477558,117
6202,Computer consultancy and computer facilities management activities,Terciario,1.44916,0.44916,91
6209,Other information technology and computer service activities,Terciario,1.290996,0.290996,75
6311,"Data processing, hosting and related activities",Terciario,1.428756,0.428756,106
6312,Web portals,Terciario,1.174421,0.174421,45
6391,News agency activities,Terciario,1.10096,0.10096,11
6399,Other information service activities n.e.c.,Terciario,1.091161,0.091161,36
6411,Central banking,Terciario,1.212183,0.212183,9
6419,Other monetary intermediation,Terciario,1.485135,0.485135,31
6420,Activities of holding companies,Terciario,1.121203,0.121203,17
6430,"Trusts, funds and similar financial entities",Terciario,1.183245,0.183245,14
6491,Financial leasing,Terciario,1.000615,0.000615,4
6492,Other credit granting,Terciario,1.333876,0.333876,9
6499,"Other financial service activities, except insurance and pension funding activities, n.e.c.",Terciario,1.559069,0.559069,31
6511,Life insurance,Terciario,1.545879,0.545879,5
6512,Non-life insurance,Terciario,1.621137,0.621137,17
6520,Reinsurance,Terciario,1.129343,0.129343,3
6530,Pension funding,Terciario,1.013699,0.013699,5
6611,Administration of financial markets,Terciario,1.047377,0.047377,19
6612,Security and commodity contracts brokerage,Terciario,1.123424,0.123424,11
6614,"Advisory, management and operation services for virtual markets",Terciario,1.001032,0.001032,2
6619,Other activities auxiliary to financial service activities,Terciario,1.274678,0.274678,61
6621,Risk and damage evaluation,Terciario,1.216527,0.216527,32
6622,Activities of insurance agents and brokers,Terciario,1.295001,0.295001,44
6630,Fund management activities,Terciario,1.36686,0.36686,49
6810,Real estate activities with own or leased property,Terciario,1.902103,0.902103,242
6820,Real estate activities on a fee or contract basis,Terciario,2.358184,1.358184,341
6910,Legal activities,Terciario,1.573942,0.573942,182
6920,"Accounting, bookkeeping and auditing activities; tax consultancy",Terciario,1.817299,0.817299,226
7010,Activities of head offices,Terciario,1.496043,0.496043,183
7020,Management consultancy activities,Terciario,1.962239,0.962239,281
7110,Architectural and engineering activities and related technical consultancy,Terciario,2.020183,1.020183,274
7120,Technical testing and analysis,Terciario,1.460472,0.460472,90
7210,Research and experimental development on natural sciences and engineering,Terciario,1.484834,0.484834,111
7220,Research and experimental development on social sciences and humanities,Terciario,1.269276,0.269276,71
7310,Advertising,Terciario,1.835372,0.835372,225
7320,Market research and public opinion polling,Terciario,1.11889,0.11889,52
7410,Specialized design activities,Terciario,1.418405,0.418405,127
7420,Photographic activities,Terciario,1.283939,0.283939,95
7490,"Other professional, scientific and technical activities n.e.c.",Terciario,2.100421,1.100421,306
7500,Veterinary activities,Terciario,1.273612,0.273612,89
7710,Renting and leasing of motor vehicles,Terciario,1.208358,0.208358,85
7721,Renting and leasing of recreational and sports goods,Terciario,1.199332,0.199332,57
7722,Renting of video tapes and disks,Terciario,1.112146,0.112146,58
7729,Renting and leasing of other personal and household goods,Terciario,1.410944,0.410944,139
7730,"Renting and leasing of other machinery, equipment and tangible goods",Terciario,1.975371,0.975371,254
7740,"Leasing of intellectual property and similar products, except copyrighted works",Terciario,1.092972,0.092972,41
7810,Activities of employment placement agencies,Terciario,1.142199,0.142199,26
7820,Temporary employment agency activities,Terciario,1.109838,0.109838,48
7830,Other human resources provision,Terciario,1.011366,0.011366,12
7911,Travel agency activities,Terciario,1.66228,0.66228,90
7912,Tour operator activities,Terciario,1.590891,0.590891,90
7990,Other reservation service and related activities,Terciario,1.531444,0.531444,120
8010,Private security activities,Terciario,1.466574,0.466574,60
8020,Security systems service activities,Terciario,1.437388,0.437388,95
8030,Investigation activities,Terciario,1.237367,0.237367,12
8110,Combined facilities support activities,Terciario,1.326845,0.326845,67
8121,General cleaning of buildings,Terciario,1.499303,0.499303,133
8129,Other building and industrial cleaning activities,Terciario,1.574232,0.574232,153
8130,Landscape care and maintenance service activities,Terciario,1.437255,0.437255,117
8211,Combined office administrative service activities,Terciario,1.424549,0.424549,155
8219,"Photocopying, document preparation and other specialized office support activities",Terciario,1.427695,0.427695,139
8220,Activities of call centres,Terciario,1.217133,0.217133,44
8230,Organization of conventions and trade shows,Terciario,1.726679,0.726679,207
8291,Activities of collection agencies and credit bureaus,Terciario,1.360944,0.360944,86
8292,Packaging activities,Terciario,1.379665,0.379665,104
8299,Other business support service activities n.e.c.,Terciario,1.148609,0.148609,57
8411,General public administration activities,Terciario,2.395978,1.395978,136
8412,"Regulation of the activities of providing health care, education, cultural services and other social services, excluding social security",Terciario,2.178696,1.178696,116
8413,Regulation of and contribution to more efficient operation of businesses,Terciario,1.91176,0.91176,119
8421,Foreign affairs,Terciario,1.018183,0.018183,2
8422,Defence activities,Terciario,1.203732,0.203732,17
8423,Public order and safety activities,Terciario,1.174237,0.174237,23
8430,Compulsory social security activities,Terciario,1.311803,0.311803,33
8510,Pre-primary and primary education,Terciario,1.745842,0.745842,150
8521,General secondary education,Terciario,1.57015,0.57015,112
8522,Technical and vocational secondary education,Terciario,1.435386,0.435386,103
8530,Higher education,Terciario,1.659441,0.659441,178
8541,Sports and recreation education,Terciario,1.314421,0.314421,105
8542,Cultural education,Terciario,1.205912,0.205912,60
8549,Other education n.e.c.,Terciario,2.000231,1.000231,244
8550,Educational support activities,Terciario,1.339419,0.339419,72
8610,Hospital activities,Terciario,1.625193,0.625193,112
8620,Medical and dental practice activities,Terciario,2.007633,1.007633,226
8690,Other human health activities,Terciario,1.830604,0.830604,176
8710,Residential nursing care facilities,Terciario,1.334416,0.334416,51
8720,"Residential care activities for mental retardation, mental health and substance abuse",Terciario,1.487392,0.487392,81
8730,Residential care activities for the elderly and disabled,Terciario,1.343925,0.343925,50
8790,Other residential care activities,Terciario,2.107314,1.107314,95
8810,Social work activities without accommodation for the elderly and disabled,Terciario,1.618527,0.618527,66
8890,Other social work activities without accommodation,Terciario,1.961561,0.961561,131
9000,"Creative, arts and entertainment activities",Terciario,1.589855,0.589855,183
9101,Library and archives activities,Terciario,1.807956,0.807956,66
9102,Museums activities and operation of historical sites and buildings,Terciario,1.200703,0.200703,22
9103,Botanical and zoological gardens and nature reserves activities,Terciario,1.093907,0.093907,22
9200,Gambling and betting activities,Terciario,1.290584,0.290584,106
9311,Operation of sports facilities,Terciario,1.691885,0.691885,190
9312,Activities of sports clubs,Terciario,1.079363,0.079363,32
9319,Other sports activities,Terciario,1.344866,0.344866,116
9321,Activities of amusement parks and theme parks,Terciario,1.332432,0.332432,92
9329,Other amusement and recreation activities n.e.c.,Terciario,1.538235,0.538235,171
9411,Activities of business and employers membership organizations,Terciario,1.288644,0.288644,63
9412,Activities of professional membership organizations,Terciario,1.211611,0.211611,68
9420,Activities of trade unions,Terciario,1.334144,0.334144,70
9491,Activities of religious organizations,Terciario,1.622477,0.622477,67
9492,Activities of political organizations,Terciario,1.032238,0.032238,5
9499,Activities of other membership organizations n.e.c.,Terciario,1.514095,0.514095,88
9511,Repair of computers and peripheral equipment,Terciario,1.593983,0.593983,154
9512,Repair of communication equipment,Terciario,1.330891,0.330891,91
9521,Repair of consumer electronics,Terciario,1.207664,0.207664,64
9522,Repair of household appliances and home and garden equipment,Terciario,1.422255,0.422255,106
9523,Repair of footwear and leather goods,Terciario,1.048145,0.048145,24
9524,Repair of furniture and home furnishings,Terciario,1.10247,0.10247,40
9529,Repair of other personal and household goods,Terciario,1.323049,0.323049,86
9601,Washing and (dry-) cleaning of textile and fur products,Terciario,1.380169,0.380169,134
9602,Hairdressing and other beauty treatment,Terciario,1.695659,0.695659,199
9603,Funeral and related activities,Terciario,1.693361,0.693361,124
9609,Other personal service activities n.e.c.,Terciario,2.177225,1.177225,348
9700,Activities of households as employers of domestic personnel,Terciario,1.113211,0.113211,60
9800,,,1.056453,0.056453,31
9820,Undifferentiated service-producing activities of private households for own use,Terciario,1.010112,0.010112,2
9900,Activities of extraterritorial organizations and bodies,Terciario,1.061262,0.061262,24
9999,,,1.000159,0.000159,2
