id_code,id_name,id_abbr,region,year,total_pop,share_working_age,avg_schooling,share_nbi_poor,share_rural,share_indigenous,share_inmigrant,share_outmigrant,net_migration_rate,share_inmigrant_5y,share_outmigrant_5y,net_migration_rate_5y
01,AZUAY,AZU,Sierra,2022,801609,0.6544188001881216,11.584780212208901,0.25746736586525826,0.47587789059254576,0.019949875812272568,0.13307485320149848,0.13197303317425452,0.005502682729360574,0.02810846684605587,0.02095564443552897,0.0090817343617649
02,BOLÍVAR,BOL,Sierra,2022,199078,0.6316569384864225,10.544037417545178,0.5856255635083336,0.6776539848702519,0.29499492661167986,0.14405911250866493,0.43052877740204243,-0.4986588171470479,0.03488582364701273,0.05060829864374916,-0.012442359276263575
03,CAÑAR,CAÑ,Sierra,2022,227578,0.6179287980384747,10.315227278167413,0.39183837102238434,0.5557654957860602,0.1470792431605867,0.21258205977730713,0.21733955628067453,-0.0016565748886096195,0.029462426069303712,0.026372602766309438,0.0055761101688212395
04,CARCHI,CAR,Sierra,2022,172828,0.661576827828824,10.658520972964832,0.3335797783159464,0.491072048510658,0.04243525354687898,0.11451269470224733,0.39341252652914194,-0.40996829217487907,0.034907538130395536,0.04625194362241059,-0.007776517693892193
05,COTOPAXI,COT,Sierra,2022,470210,0.6482720486591098,10.587957253830417,0.4856153041565811,0.6672103953552668,0.23701324939920462,0.1541609068288637,0.27654015984660624,-0.16483273431020182,0.03965674911209885,0.0348975053836855,0.007915612173284277
06,CHIMBORAZO,CHI,Sierra,2022,471933,0.6450385965804468,11.005715562132655,0.42754507050633667,0.5239430173350879,0.3787698677566519,0.11099245019949866,0.2949020810962827,-0.25563162567567854,0.035310096984105796,0.04015608371763037,-0.001868909357896142
07,EL ORO,ORO,Costa,2022,714592,0.6579166853253325,11.55358609067768,0.3658355095049561,0.2146217701849447,0.005349905960324213,0.18809474497335543,0.16889517563344977,0.029024954099682056,0.02336718015315033,0.02743077556343858,-0.0015323429313510368
08,ESMERALDAS,ESM,Costa,2022,553900,0.6121068784979238,10.658486491064624,0.6297115865013398,0.5512077992417403,0.033529517963531326,0.15670698682072576,0.27077798831240646,-0.1500523560209424,0.02557862430041524,0.0499572500212269,-0.02009749052175483
09,GUAYAS,GUA,Costa,2022,4391923,0.6590088214205941,11.789549578712908,0.3911442563022973,0.14742084503758376,0.012874998036167757,0.14568379272587428,0.07585147349510615,0.07743714996824853,0.01167506807382552,0.013941624452496202,-0.0010100359227609408
10,IMBABURA,IMB,Sierra,2022,469879,0.6610020877715327,11.069666146471965,0.326615683102214,0.4772526544067728,0.28005507800944496,0.1527393222510476,0.22507243061137308,-0.08384924629532284,0.030790905743819152,0.030410343281119655,0.002939054522547294
11,LOJA,LOJ,Sierra,2022,485421,0.6384725835923868,11.578216992497152,0.39364123256155265,0.39570187527939665,0.03562474635419564,0.07776548604201301,0.33224505880926397,-0.37380541838939807,0.02780679039431751,0.040535409151319535,-0.010018107992855687
12,LOS RÍOS,RIO,Costa,2022,898652,0.6380200567071569,10.55731993279119,0.6138259368127243,0.4600546151346684,0.006632155717674918,0.1678636446588891,0.25185948384837503,-0.10904888655452834,0.021616821639522308,0.02845222817621646,-0.004238570659165061
13,MANABÍ,MAN,Costa,2022,1592840,0.6516756234147811,10.73907777262401,0.6012042006061278,0.41970003264609124,0.0018382260616257753,0.08870005775846915,0.26149481861113116,-0.2273354511438688,0.022847869214735944,0.0245347677331972,0.0005807237387308204
14,MORONA SANTIAGO,MOR,Amazonia,2022,192508,0.572989174475866,10.576914510101552,0.6540797547611475,0.6735927857543582,0.5855444968520789,0.17212271697799572,0.1453867508573295,0.03338043094312964,0.04384752841440356,0.038617922908722915,0.01054501631101045
15,NAPO,NAP,Amazonia,2022,131675,0.6232542244161762,11.60037645371636,0.6171251582978593,0.6607176760964496,0.6495386367951396,0.22619327890639834,0.22606913618436317,0.004184545281944181,0.04915131953673818,0.049686205866029114,0.004959179798746915
16,PASTAZA,PAS,Amazonia,2022,111915,0.6075771791091453,11.731658452538365,0.5293189398558261,0.657007550373051,0.5083054103560738,0.3192869588527007,0.20402033767403943,0.14933655006031363,0.06438815172228923,0.05900026752824481,0.013152839208327749
17,PICHINCHA,PIC,Sierra,2022,3089473,0.6874169154415656,12.979241141890071,0.15867752675594665,0.36620938263580877,0.06234299506744354,0.23593473708946477,0.07925135548793447,0.17365388854345062,0.024053293231564087,0.026238667413678328,-0.00011005113169786562
18,TUNGURAHUA,TUN,Sierra,2022,563532,0.663419291184884,11.384060824174938,0.31559572514729345,0.6002906667234513,0.1354954110857946,0.13700552941092964,0.17977811702019145,-0.04751992788342099,0.030266249299063762,0.027726199659649026,0.00488171035540129
19,ZAMORA CHINCHIPE,ZAM,Amazonia,2022,110973,0.6303244933452281,11.182498812107514,0.5010412893879029,0.5366080037486596,0.189109062564768,0.31384210573743165,0.21300816451875934,0.13258179917637625,0.05886116442738324,0.04393586574069325,0.020266190875257946
20,GALÁPAGOS,GAL,Isla,2022,28583,0.7020606654305006,12.978676368995533,0.3139371352225582,0.20438722317461427,0.09344715390266942,0.5809397194136374,0.19253919372900336,0.484693699051884,0.12367491166077739,0.07306398670827086,0.060595458839170134
21,SUCUMBIOS,SUC,Amazonia,2022,199014,0.644869205181545,10.908703114564558,0.5922644454434786,0.5928226154943873,0.1628176912177033,0.35872853166108915,0.18537836982882852,0.22622026591094094,0.04090164511039424,0.04684348698072178,-0.0008793351221522104
22,ORELLANA,ORE,Amazonia,2022,182166,0.6184743585520899,10.884301834269523,0.6868595291079426,0.5974111524653338,0.37250639526585644,0.38490717257885665,0.13677342151860866,0.2920468144439687,0.04927373933664899,0.04068963339543402,0.01390489992644072
23,SANTO DOMINGO DE LOS TSACHILAS,SDT,Costa,2022,492969,0.6498643930957119,11.028230600729055,0.46702442439264624,0.24883714797482195,0.013883225922928217,0.3437234389992068,0.24981625664789472,0.1334282683089606,0.034837890415015955,0.04583528513294808,-0.00704303921747615
24,SANTA ELENA,SEL,Costa,2022,385735,0.638013143738577,10.921850879054148,0.4726793481789262,0.47688179708867484,0.012329708219373405,0.1821613283731059,0.0853882227234952,0.10757903742206437,0.030842417722011226,0.01721412209150557,0.015627308903781095
99,ECUADOR,ECU,Nacional,2022,16938986,0.6556122662832357,11.586546313926734,0.3976304041162735,0.3690796485692827,0.07686747010712447,0.1728860865697628,0.1773359248407149,0.0,0.024393077602165796,0.02677560061939888,0.0
