id_code,id_name,id_abbr,region,year_gva,gva_real,year_enemdu,tasa_desempleo,tasa_informalidad,tasa_subempleo,gva_per_worker,year_reem,num_empresas,avg_sales_per_firm_M,formal_wage_per_fte,year_census,share_working_age,avg_schooling,share_nbi_poor,share_rural,net_migration_rate,year_malnutrition,malnutrition,rank_gva_real,rank_gva_per_worker,rank_tasa_desempleo,rank_tasa_informalidad,rank_tasa_subempleo,rank_num_empresas,rank_avg_sales_per_firm_M,rank_formal_wage_per_fte,rank_share_working_age,rank_avg_schooling,rank_net_migration_rate,rank_share_nbi_poor,rank_share_rural,rank_malnutrition,avg_rank_economic,avg_rank_socioeconomic,avg_rank_overall,z_gva_real,z_gva_per_worker,z_tasa_desempleo,z_tasa_informalidad,z_tasa_subempleo,z_num_empresas,z_avg_sales_per_firm_M,z_formal_wage_per_fte,z_share_working_age,z_avg_schooling,z_net_migration_rate,z_share_nbi_poor,z_share_rural,z_malnutrition,z_economic,z_socioeconomic,z_overall
01,AZUAY,AZU,Sierra,2023,4715.280065162906,2023,0.0298,0.4786,0.1749,11467.309772519968,2024,69170,0.16106080988868,10350.646125192368,2022,0.6544188001881216,11.5847802122089,0.2574673658652582,0.4758778905925457,0.0055026827293605,2023,0.210837612,5.0,8.0,16.0,3.0,7.0,4.0,4.0,3.0,7.0,5.0,11.0,2.0,8.0,14.0,6.25,7.833333333333333,6.928571428571429,0.006016890393815516,-0.15604469407213462,-0.006949286113409821,1.1018512011195614,0.6357740418969657,0.311944784802105,0.5033998993254849,0.8085639327840205,0.6130479926058776,0.7744394103279184,0.22711652033835122,1.50794603112378,0.15332592002929266,-0.13395921581927922,0.4005695962670511,0.5236527764343234,0.4533195306244536
02,BOLÍVAR,BOL,Sierra,2023,447.2532250626565,2023,0.0071,0.7654,0.1712,4417.705754230503,2024,8814,0.0356518922169276,9729.15568852211,2022,0.6316569384864225,10.544037417545178,0.5856255635083336,0.6776539848702519,-0.4986588171470479,2023,0.243060684,23.0,22.0,2.0,19.0,6.0,20.0,20.0,10.0,16.0,22.0,23.0,16.0,23.0,18.0,15.25,19.666666666666668,17.142857142857142,-0.49295862863391016,-0.6629897357911799,1.0296856509755383,-0.9345869101872326,0.7326311327767221,-0.5166997003637137,-0.8079458670511995,0.1619626580494069,-0.33555132001801,-0.9727688711369239,-2.2011637134392044,-0.8259566011170186,-1.2080742066149335,-0.5622875190020333,-0.1863626750281961,-1.017633705221354,-0.5426216879681209
03,CAÑAR,CAÑ,Sierra,2023,761.0267611027567,2023,0.0276,0.6023,0.1584,5136.780396272619,2024,14055,0.0653948005691924,9314.164495129044,2022,0.6179287980384747,10.315227278167413,0.3918383710223843,0.5557654957860602,-0.0016565748886096,2023,0.197004197,19.0,21.0,14.0,10.0,4.0,15.0,15.0,13.0,20.0,23.0,13.0,8.0,15.0,13.0,13.875,15.333333333333334,14.5,-0.4562753276921812,-0.6112802605549241,0.09351753598331645,0.22351300597085033,1.0677043120364185,-0.4447445385446062,-0.49693738638190643,-0.26979593197691853,-0.9076708049349821,-1.3568973728702758,0.1926341495771965,0.5522824369015862,-0.38568241104717566,0.04992279189782694,-0.1117873238949939,-0.3092352017459707,-0.19640784297398395
04,CARCHI,CAR,Sierra,2023,558.2888804010023,2023,0.0454,0.6282,0.1822,6721.650234289019,2024,9240,0.0717640126623376,9147.163675814922,2022,0.661576827828824,10.658520972964832,0.3335797783159464,0.491072048510658,-0.409968292174879,2023,0.222753903,20.0,17.0,19.0,13.0,8.0,19.0,13.0,17.0,3.0,17.0,22.0,5.0,11.0,15.0,15.75,12.166666666666666,14.214285714285714,-0.4799774371305002,-0.4973104681994906,-0.7193503882538325,0.03960872743930906,0.4446776193504197,-0.5108510266497394,-0.4303373433501785,-0.4435442896005265,0.9113583939561418,-0.7805728577257632,-1.7739881977243634,0.9666249212422914,0.05080967008393959,-0.2923576672227309,-0.3246355757993173,-0.1530209562317475,-0.25108645312750166
05,COTOPAXI,COT,Sierra,2023,1595.8527949874688,2023,0.0141,0.6982,0.2078,5555.206761491124,2024,25771,0.0785982893562531,8661.831152423723,2022,0.6482720486591098,10.587957253830416,0.4856153041565811,0.6672103953552668,-0.1648327343102018,2023,0.281866932,13.0,20.0,6.0,15.0,14.0,12.0,11.0,21.0,10.0,19.0,18.0,13.0,21.0,21.0,14.0,17.0,15.285714285714286,-0.3586757180454674,-0.5811907448003197,0.7100184897586821,-0.457429863186478,-0.22546873916897464,-0.2838922821292915,-0.35887432480894127,-0.9484862963934907,0.3568824666175026,-0.8990358584544373,-0.5932994106893497,-0.11467097964363569,-1.1376104376574836,-1.078123326299648,-0.3129999348467851,-0.5776429243545086,-0.42641835892152385
06,CHIMBORAZO,CHI,Sierra,2023,1278.7426311779448,2023,0.0177,0.7494,0.1523,3872.977734775249,2024,29303,0.0503394316622871,9912.57063398892,2022,0.6450385965804468,11.005715562132655,0.4275450705063366,0.5239430173350879,-0.2556316256756785,2023,0.401176594,16.0,23.0,7.0,18.0,3.0,10.0,19.0,6.0,11.0,12.0,20.0,10.0,12.0,23.0,12.75,14.666666666666666,13.571428571428571,-0.3957491045315064,-0.7021617471313689,0.5456182354185846,-0.8209780894727671,1.2273876240273685,-0.23540046157117514,-0.654364741978616,0.3527883418356596,0.22212853218897435,-0.1976994863373854,-1.0306298161363205,0.2983318712513302,-0.17097349645365167,-2.6640585554971596,-0.08535749292547762,-0.5904834918307021,-0.3018400638848595
07,EL ORO,ORO,Costa,2023,3780.234001804512,2023,0.0564,0.4195,0.2429,11900.12228006942,2024,45848,0.1427710105348106,7997.84724219619,2022,0.6579166853253325,11.55358609067768,0.3658355095049561,0.2146217701849447,0.029024954099682,2023,0.098271579,6.0,7.0,21.0,2.0,21.0,6.0,6.0,23.0,6.0,7.0,10.0,6.0,2.0,1.0,11.5,5.333333333333333,8.857142857142858,-0.10329945466649984,-0.1249206544626843,-1.2216844987374635,1.5214937826336186,-1.144302222920175,-0.008249507116465224,0.3121515304227847,-1.63929796045806,0.7588221599512457,0.7220704410188599,0.340410904451588,0.7372180788486654,1.9160427407839355,1.362335672231864,-0.3010136231631181,0.9728166662143597,0.24491364371294383
08,ESMERALDAS,ESM,Costa,2023,1701.5508429072686,2023,0.0905,0.6366,0.2301,7765.470946710192,2024,17569,0.1260500303944447,9609.57804018286,2022,0.6121068784979238,10.658486491064624,0.6297115865013398,0.5512077992417403,-0.1500523560209424,2023,0.151707773,12.0,13.0,23.0,14.0,17.0,13.0,7.0,11.0,21.0,18.0,17.0,21.0,14.0,7.0,13.75,16.333333333333332,14.857142857142858,-0.3463185468521014,-0.4222481337431573,-2.77892024123672,-0.020035903435785863,-0.8092290436604777,-0.39649984504482677,0.13730761243180487,0.03755356776609172,-1.1502989759824276,-0.7806307462472242,-0.522110118257536,-1.1395019760228062,-0.35493125256700825,0.6520298918095482,-0.5747988167218965,-0.5492405295445757,-0.5638452650744733
09,GUAYAS,GUA,Costa,2023,33841.95771609021,2023,0.0308,0.4946,0.2087,19631.02663619323,2024,237738,0.3285720028056095,9755.57275535044,2022,0.6590088214205941,11.789549578712908,0.3911442563022973,0.1474208450375837,0.0774371499682485,2023,0.171462957,1.0,5.0,17.0,4.0,15.0,2.0,2.0,8.0,5.0,2.0,8.0,7.0,1.0,8.0,6.75,5.166666666666667,6.071428571428571,3.411220194617493,0.43101746932034285,-0.05261602343010361,0.988242380405096,-0.2490285720856717,2.6262622275655705,2.2549905974230398,0.18944708593129586,0.8043368706033868,1.1182080482474486,0.5735869369931964,0.5572190686356806,2.3694529841218386,0.3894321965375673,1.1999419199683827,0.9687060175231864,1.1008408189204413
10,IMBABURA,IMB,Sierra,2023,1560.0468144360905,2023,0.056,0.5466,0.1888,7148.950032171838,2024,31490,0.063040146363925,8980.660270947923,2022,0.6610020877715327,11.069666146471963,0.326615683102214,0.4772526544067728,-0.0838492462953228,2023,0.223053642,15.0,16.0,20.0,5.0,9.0,8.0,16.0,18.0,4.0,10.0,15.0,4.0,10.0,17.0,13.375,10.0,11.928571428571429,-0.3628617994360664,-0.4665828538111854,-1.2034178038107861,0.6190137130830832,0.2719055112946386,-0.20537452398323616,-0.5215589673721869,-0.6167751351328711,0.8874061342320068,-0.0903386752560485,-0.2032446301138799,1.0161544477549396,0.14405027398462925,-0.29634197688965813,-0.3107064823960763,0.24294759561866486,-0.07342616324690152
11,LOJA,LOJ,Sierra,2023,1781.57345283208,2023,0.0357,0.6216,0.2074,6500.028124172692,2024,32726,0.0537205714111104,9822.05780618304,2022,0.6384725835923868,11.578216992497152,0.3936412325615526,0.3957018752793966,-0.373805418389398,2023,0.121219194,11.0,18.0,18.0,12.0,13.0,7.0,18.0,7.0,13.0,6.0,21.0,9.0,5.0,6.0,13.0,10.0,11.714285714285714,-0.33696309412953884,-0.5132475661651782,-0.2763830362819031,0.08647236598402565,-0.21499770231710882,-0.18840513264409917,-0.6190096541789384,0.2586184135698632,-0.05150969164261658,0.7634210185674993,-1.5998106938264995,0.5394602574708984,0.6942801782226558,1.057302278921595,-0.2254894257703597,0.23385722461892203,-0.02862657560352468
12,LOS RÍOS,RIO,Costa,2023,3680.360420050125,2023,0.0197,0.565,0.2332,10042.424511248422,2024,29137,0.147164331056732,8836.677750175268,2022,0.6380200567071569,10.55731993279119,0.6138259368127243,0.4600546151346684,-0.1090488865545283,2023,0.105472156,7.0,9.0,10.0,8.0,19.0,11.0,5.0,20.0,14.0,21.0,16.0,19.0,7.0,2.0,11.125,13.166666666666666,12.0,-0.1149756868365587,-0.2585098135804253,0.45428476078519714,0.4883635692614481,-0.8903795792624354,-0.23767952222028255,0.3580905463533488,-0.7665751577525229,-0.07036872426036006,-0.9504700661338945,-0.3246180161315242,-1.0265212250027127,0.26008687845399325,1.2666213055710203,-0.12092261040652887,-0.1408783079172463,-0.12947505219683636
13,MANABÍ,MAN,Costa,2023,5563.243049022557,2023,0.019,0.5977,0.2506,8666.763279705097,2024,71792,0.1183309427094941,9345.940605296975,2022,0.6516756234147811,10.73907777262401,0.6012042006061278,0.4197000326460912,-0.2273354511438688,2023,0.192351133,3.0,11.0,8.0,9.0,22.0,3.0,8.0,12.0,8.0,16.0,19.0,18.0,6.0,11.0,9.5,13.0,11.0,0.10515234240463982,-0.35743517713371314,0.4862514769068827,0.25617554192625874,-1.345869682318586,0.3479429596331869,0.05659251542056263,-0.2367359327743992,0.49872625408998433,-0.6453333843280181,-0.894342056511761,-0.9367538397367048,0.5323626101618895,0.11177409545202416,-0.08599074449189595,-0.22226105347876435,-0.14439230548626814
14,MORONA SANTIAGO,MOR,Amazonia,2023,493.45594486215526,2023,0.0056,0.8079,0.2319,5640.796178000883,2024,9937,0.026355670725571,9736.381563056802,2022,0.572989174475866,10.576914510101552,0.6540797547611475,0.6735927857543582,0.0333804309431296,2023,0.196923767,21.0,19.0,1.0,21.0,18.0,17.0,23.0,9.0,23.0,20.0,9.0,22.0,22.0,12.0,16.125,18.0,16.928571428571427,-0.4875570632370286,-0.5750359125273751,1.0981857569505789,-1.2363603402100316,-0.8563487094938725,-0.501281717779692,-0.9051523570067084,0.16948048842864247,-2.7805271020051228,-0.917574515067859,0.36138894091453166,-1.3128114726403806,-1.1806729576686856,0.05099191545702656,-0.41175873185943584,-0.9632008651684149,-0.648091074706141
15,NAPO,NAP,Amazonia,2023,466.1848533333335,2023,0.0077,0.8635,0.2334,7339.349000059346,2024,6852,0.0285544175423234,10003.265188013844,2022,0.6232542244161762,11.60037645371636,0.6171251582978593,0.6607176760964496,0.0041845452819441,2023,0.174917821,22.0,15.0,3.0,23.0,20.0,23.0,22.0,5.0,18.0,4.0,12.0,20.0,20.0,9.0,16.625,13.833333333333334,15.428571428571429,-0.490745329749834,-0.45289104750992654,1.002285608585522,-1.6311509921927998,-0.8956150976883683,-0.5436365497224409,-0.8821610308473572,0.4471473388271402,-0.6857339586646409,0.8006225196045618,0.22076774695968604,-1.049985705743422,-1.0938035196335192,0.34350808244791176,-0.43084588753725805,-0.24410413917157045,-0.35081370966624903
16,PASTAZA,PAS,Amazonia,2023,876.2506418045114,2023,0.0105,0.841,0.1625,17806.07571666571,2024,6853,0.0308132180067123,10048.829523678634,2022,0.6075771791091453,11.731658452538364,0.5293189398558261,0.657007550373051,0.1493365500603136,2023,0.250292185,18.0,6.0,4.0,22.0,5.0,22.0,21.0,4.0,22.0,3.0,4.0,15.0,19.0,19.0,12.75,13.666666666666666,13.142857142857142,-0.4428044902697539,0.2997831733747998,0.8744187440987796,-1.4713885880630821,0.960376184304797,-0.5436228204414222,-0.8585417501689365,0.49455266606135634,-1.3390739445197035,1.0210199095506323,0.919888453683435,-0.4254967677225373,-1.068770992129299,-0.6584129459257727,-0.08590336013793276,-0.2584743811772075,-0.1598623691547648
17,PICHINCHA,PIC,Sierra,2023,28563.316087619045,2023,0.0754,0.2961,0.1421,20569.516540148183,2024,297627,0.2987865423197492,11236.76598496027,2022,0.6874169154415656,12.979241141890071,0.1586775267559466,0.3662093826358087,0.1736538885434506,2023,0.223045016,2.0,4.0,22.0,1.0,2.0,1.0,3.0,2.0,1.0,1.0,3.0,1.0,4.0,16.0,4.625,4.333333333333333,4.5,2.79409358201496,0.4985053455583598,-2.0893525077546444,2.397701812393934,1.4943990637499391,3.4484951384956473,1.943537167851574,1.730486776783596,1.9882425991597055,3.1154728501081532,1.037012257050323,2.2105518693806214,0.893268484363492,-0.2962273149498143,1.5272332973866707,1.4913867908520804,1.5118705088718463
18,TUNGURAHUA,TUN,Sierra,2023,2594.2021335338345,2023,0.0199,0.5518,0.1968,7494.568820477079,2024,49369,0.0909691893090806,9191.31236475017,2022,0.663419291184884,11.384060824174938,0.3155957251472934,0.6002906667234513,-0.0475199278834209,2023,0.278867941,9.0,14.0,11.0,7.0,10.0,5.0,10.0,16.0,2.0,8.0,14.0,3.0,18.0,20.0,10.25,10.833333333333334,10.5,-0.24195857964985723,-0.44172901370871687,0.44515141332185826,0.582090846350882,0.062484774257327735,0.040091291350445236,-0.22951727763410631,-0.3976118072017026,0.988142951212402,0.43746991236775357,-0.02826545017281271,1.0945297833793333,-0.6860974506484133,-1.038258948182926,-0.022624794114233713,0.12792013299255608,0.04189446036010479
19,ZAMORA CHINCHIPE,ZAM,Amazonia,2023,1561.25249283208,2023,0.0252,0.6987,0.2052,28040.66481619389,2024,8346,0.3697650458902468,12671.559781133436,2022,0.6303244933452281,11.182498812107514,0.5010412893879029,0.5366080037486596,0.1325817991763762,2023,0.117466551,14.0,3.0,12.0,16.0,12.0,21.0,1.0,1.0,17.0,9.0,6.0,14.0,13.0,3.0,10.0,10.333333333333334,10.142857142857142,-0.3627208434332205,1.0357641142300453,0.20311770554338143,-0.4609801388338047,-0.1574069996318482,-0.5231250038804743,2.6857280892703104,3.2232523011533822,-0.39108089671127527,0.09908580966857491,0.8391896490279706,-0.22438253886986123,-0.25642521544496827,1.1071846491884842,0.7054536530522215,0.1955952428098208,0.4869429058054783
21,SUCUMBIOS,SUC,Amazonia,2023,2925.675063859649,2023,0.0274,0.7489,0.1165,33859.064814107944,2024,11854,0.0555464476969799,9265.48323726632,2022,0.644869205181545,10.908703114564558,0.5922644454434786,0.5928226154943873,0.2262202659109409,2023,0.119727848,8.0,2.0,13.0,17.0,1.0,16.0,17.0,15.0,12.0,14.0,2.0,17.0,16.0,4.0,11.125,10.833333333333334,11.0,-0.20320604044392301,1.4541718747266887,0.10265088344665516,-0.8174278138254404,2.164545422269333,-0.47496268606680725,-0.5999172707834481,-0.320444118227968,0.21506915511918617,-0.36056484813979117,1.290196792470144,-0.8731731696344488,-0.6357098865247843,1.0771261399624785,0.16317628138688628,0.11882403054213074,0.14416817388199107
22,ORELLANA,ORE,Amazonia,2023,5487.073374235592,2023,0.0126,0.7949,0.2124,66628.35784005222,2024,9710,0.0680706407826982,9302.810056018225,2022,0.6184743585520899,10.884301834269523,0.6868595291079426,0.5974111524653338,0.2920468144439687,2023,0.189619428,4.0,1.0,5.0,20.0,16.0,18.0,14.0,14.0,19.0,15.0,1.0,23.0,17.0,10.0,11.5,14.166666666666666,12.642857142857142,0.09624733678145446,3.81064900124929,0.7785185957337227,-1.144053173379529,-0.3458856629654281,-0.5043982645709413,-0.46895730489626836,-0.2816091383752133,-0.8849346010606088,-0.40152993502622475,1.6072485838102903,-1.545945376293324,-0.6666691279340304,0.14808554854519435,0.2425639236971359,-0.29062415132645053,0.014054748687027413
23,SANTO DOMINGO DE LOS TSACHILAS,SDT,Costa,2023,1887.613067067669,2023,0.0192,0.5505,0.1975,9135.049116630336,2024,30917,0.1110052431995342,8413.139365023717,2022,0.6498643930957119,11.028230600729056,0.4670244243926462,0.2488371479748219,0.1334282683089606,2023,0.120073902,10.0,10.0,9.0,6.0,11.0,9.0,9.0,22.0,9.0,11.0,5.0,11.0,3.0,5.0,10.75,7.333333333333333,9.285714285714286,-0.32456599037808725,-0.32376021006881045,0.47711812944354404,0.5913215630339321,0.04416045976656289,-0.2132414020069623,-0.020009094867455012,-1.2072262821773607,0.42324333190245533,-0.15990103882966739,0.8432666447201475,0.017549710036994254,1.6851887348965515,1.0725261836755793,-0.12202535340682957,0.6469789277336768,0.20754790993910172
24,SANTA ELENA,SEL,Costa,2023,1147.2903077694236,2023,0.0286,0.6199,0.2745,8317.474295473956,2024,14206,0.0748074379135576,8856.692698381934,2022,0.638013143738577,10.921850879054148,0.4726793481789262,0.4768817970886748,0.1075790374220643,2023,0.326304446,17.0,12.0,15.0,11.0,23.0,14.0,12.0,19.0,15.0,13.0,7.0,12.0,9.0,22.0,15.375,13.0,14.357142857142858,-0.41111721109632515,-0.3825529451989362,0.04785079866662267,0.09854330318493786,-1.9715141342175524,-0.44267141711077956,-0.39851358717266877,-0.7457515211194075,-0.07065682183906569,-0.3384922639078885,0.7187645230063912,-0.022668823599258293,0.14655247922174058,-1.668813281909091,-0.5257158392580136,-0.2058856981711953,-0.38864577879223433
