id_code,id_name,id_abbr,region,year,gva_real,cagr,population,gva_per_capita,share_primario,share_secundario,share_terciario
01,AZUAY,AZU,Sierra,2008,3484.3583420629466,,690253,5047.943785920448,,,
01,AZUAY,AZU,Sierra,2009,3521.3920520380575,,701608,5019.030643946559,,,
01,AZUAY,AZU,Sierra,2010,3724.0468599274527,,713534,5219.158246036563,,,
01,AZUAY,AZU,Sierra,2011,3865.4107553051517,,726056,5323.8465838794145,,,
01,AZUAY,AZU,Sierra,2012,3875.345907088364,,738618,5246.752593476417,,,
01,AZUAY,AZU,Sierra,2013,4134.590082889126,,750773,5507.110781673191,,,
01,AZUAY,AZU,Sierra,2014,4110.8852347049815,,762789,5389.282271643903,,,
01,AZUAY,AZU,Sierra,2015,4356.541044248602,,774638,5623.970221249928,,,
01,AZUAY,AZU,Sierra,2016,4303.013310372806,,785615,5477.254520818474,,,
01,AZUAY,AZU,Sierra,2017,4617.931311112207,,796212,5799.876554375226,,,
01,AZUAY,AZU,Sierra,2018,4651.01668,2.930126951073686,808420,5753.218228148735,4.572040795175131,29.537706796613765,65.8902524082111
01,AZUAY,AZU,Sierra,2019,4658.428979693946,2.8377366976916063,820239,5679.355626462465,4.976390060049041,29.145643119619475,65.87796682033148
01,AZUAY,AZU,Sierra,2020,4232.677887656145,1.2884693520852641,825590,5126.852175603078,5.487516598640463,26.96877854815341,67.54370485320612
01,AZUAY,AZU,Sierra,2021,4563.612236943347,1.674327494151262,825773,5526.473058508024,8.282676388271623,28.097280552542596,63.62004305918578
01,AZUAY,AZU,Sierra,2022,4855.973831094982,2.281381763481982,826246,5877.152604787172,7.88405149559669,27.33646261096931,64.779485893434
01,AZUAY,AZU,Sierra,2023,4715.280065162906,1.3228748092467102,828172,5693.599958900935,7.893126401739827,29.60873419093285,62.49813940732732
02,BOLÍVAR,BOL,Sierra,2008,319.630933840384,,203574,1570.0970351831963,,,
02,BOLÍVAR,BOL,Sierra,2009,358.2783810149872,,204794,1749.457410934828,,,
02,BOLÍVAR,BOL,Sierra,2010,350.0641492354253,,206027,1699.1178303592505,,,
02,BOLÍVAR,BOL,Sierra,2011,354.9126982814107,,207184,1713.0314033970321,,,
02,BOLÍVAR,BOL,Sierra,2012,335.7787647905753,,208221,1612.6075890067536,,,
02,BOLÍVAR,BOL,Sierra,2013,358.94557570971057,,209135,1716.334308985634,,,
02,BOLÍVAR,BOL,Sierra,2014,364.5601412824315,,209857,1737.1836120902879,,,
02,BOLÍVAR,BOL,Sierra,2015,405.3312741202616,,210330,1927.1205920233044,,,
02,BOLÍVAR,BOL,Sierra,2016,398.82713889746816,,210502,1894.6477415771258,,,
02,BOLÍVAR,BOL,Sierra,2017,426.61463493161807,,210337,2028.243413815059,,,
02,BOLÍVAR,BOL,Sierra,2018,416.23795999999993,2.6760819841726624,209822,1983.7670025068865,27.090138535178294,7.889763345947591,65.02009811887412
02,BOLÍVAR,BOL,Sierra,2019,414.249081570193,1.4621580049354987,209046,1981.6168765257075,28.74818240243069,8.051336117649036,63.20048147992029
02,BOLÍVAR,BOL,Sierra,2020,411.66834482202825,1.6342259043326646,207926,1979.8791147909749,33.92720936790546,6.744102458270156,59.32868817382438
02,BOLÍVAR,BOL,Sierra,2021,423.20675541501976,1.7754673540110844,206608,2048.356091801962,34.592988751532324,7.172656911036873,58.2343543374308
02,BOLÍVAR,BOL,Sierra,2022,452.82746498775293,3.035753935696528,205544,2203.068272427086,34.891690632381675,7.671630118788715,57.43667924882961
02,BOLÍVAR,BOL,Sierra,2023,447.2532250626565,2.223909809999647,204819,2183.651053186748,39.89515642046826,8.94359347997669,51.16125009955505
03,CAÑAR,CAÑ,Sierra,2008,700.7391540108166,,224996,3114.4516080766616,,,
03,CAÑAR,CAÑ,Sierra,2009,730.3232447378562,,226754,3220.7733699862238,,,
03,CAÑAR,CAÑ,Sierra,2010,723.9651742266483,,228397,3169.7665653517706,,,
03,CAÑAR,CAÑ,Sierra,2011,789.4724710586179,,229942,3433.354807119264,,,
03,CAÑAR,CAÑ,Sierra,2012,743.5357069208757,,231463,3212.330726383377,,,
03,CAÑAR,CAÑ,Sierra,2013,788.8680301616558,,232919,3386.8771124796854,,,
03,CAÑAR,CAÑ,Sierra,2014,764.6123994332568,,234252,3264.059215858378,,,
03,CAÑAR,CAÑ,Sierra,2015,805.70969195382,,235419,3422.4497256118666,,,
03,CAÑAR,CAÑ,Sierra,2016,808.6780193188948,,236406,3420.7169839974235,,,
03,CAÑAR,CAÑ,Sierra,2017,848.2605343235374,,237181,3576.427008586427,,,
03,CAÑAR,CAÑ,Sierra,2018,802.7049400000001,1.3677846137540195,237689,3377.1227949126805,18.08279764666703,20.927365913557225,60.989836439775736
03,CAÑAR,CAÑ,Sierra,2019,789.3595100998003,0.7803755082869568,237967,3317.096530610548,15.90425659156183,21.460299152419353,62.63544425601882
03,CAÑAR,CAÑ,Sierra,2020,712.1285458697114,-0.1647127220929745,238020,2991.8853284165675,16.086558201666833,19.45528690990491,64.45815488842825
03,CAÑAR,CAÑ,Sierra,2021,759.0809370223977,-0.39179603024163123,237790,3192.2323774018996,15.481180925040677,20.508067089227083,64.01075198573224
03,CAÑAR,CAÑ,Sierra,2022,779.2082727968791,0.4697155121062613,237584,3279.7169539905003,12.046241448801258,20.02503589286137,67.92872265833736
03,CAÑAR,CAÑ,Sierra,2023,761.0267611027567,-0.3586604887502176,237527,3203.9589650976804,14.131847149603075,22.02985781216457,63.83829503823236
04,CARCHI,CAR,Sierra,2008,401.38161420456584,,172349,2328.888558706844,,,
04,CARCHI,CAR,Sierra,2009,458.3510541831041,,171859,2667.0180449269697,,,
04,CARCHI,CAR,Sierra,2010,481.5751700098345,,171394,2809.7551256743786,,,
04,CARCHI,CAR,Sierra,2011,516.9809829479892,,171128,3021.019254289124,,,
04,CARCHI,CAR,Sierra,2012,501.1452933861444,,171217,2926.959901097113,,,
04,CARCHI,CAR,Sierra,2013,515.8411104345391,,171853,3001.641579923185,,,
04,CARCHI,CAR,Sierra,2014,555.0052767024463,,173227,3203.9190005163528,,,
04,CARCHI,CAR,Sierra,2015,620.3965545076226,,175302,3539.015838425247,,,
04,CARCHI,CAR,Sierra,2016,611.8674638676317,,177819,3440.9566124409184,,,
04,CARCHI,CAR,Sierra,2017,612.8100174370542,,180357,3397.7612038182833,,,
04,CARCHI,CAR,Sierra,2018,599.03661,4.085345701458509,182430,3283.651866469331,30.401988285824473,10.889885344403243,58.708126369772295
04,CARCHI,CAR,Sierra,2019,605.0755808915504,2.8161030577786406,183616,3295.3314574522396,33.02746787533704,8.914015663368085,58.05851646129487
04,CARCHI,CAR,Sierra,2020,537.688151296172,1.1082603278631753,183603,2928.536850139551,33.51664846759099,7.903492218117569,58.57985931429144
04,CARCHI,CAR,Sierra,2021,577.4408853754938,1.1121386270461775,182445,3165.013485573701,31.626019189589854,8.213942307692308,60.16003850271785
04,CARCHI,CAR,Sierra,2022,573.1069567268438,1.3508049791304044,180776,3170.260193426361,30.083722604503265,8.38901397043261,61.52726342506411
04,CARCHI,CAR,Sierra,2023,558.2888804010023,0.7939123294218531,179142,3116.4600171986594,35.03436544823401,8.47528860878004,56.490345942985954
05,COTOPAXI,COT,Sierra,2008,1216.706381542625,,403026,3018.927765311977,,,
05,COTOPAXI,COT,Sierra,2009,1272.224219181689,,407973,3118.402980544519,,,
05,COTOPAXI,COT,Sierra,2010,1435.4028625250721,,413190,3473.9535383844527,,,
05,COTOPAXI,COT,Sierra,2011,1532.5333865080652,,418810,3659.256910073936,,,
05,COTOPAXI,COT,Sierra,2012,1523.2905022780205,,424778,3586.0861491838573,,,
05,COTOPAXI,COT,Sierra,2013,1594.8230981150264,,431025,3700.0709891886236,,,
05,COTOPAXI,COT,Sierra,2014,1613.8210652947769,,437423,3689.383194973234,,,
05,COTOPAXI,COT,Sierra,2015,1644.3851036062658,,443863,3704.713174124146,,,
05,COTOPAXI,COT,Sierra,2016,1613.5031485132736,,450184,3584.097054789316,,,
05,COTOPAXI,COT,Sierra,2017,1745.9533611890984,,456171,3827.409811647602,,,
05,COTOPAXI,COT,Sierra,2018,1772.7175400000003,3.8353845398660047,461715,3839.419425403117,27.512711923637873,19.13373351064152,53.35355456572061
05,COTOPAXI,COT,Sierra,2019,1735.0134193479707,3.15111289389578,466924,3715.8368799804052,28.872201444751166,19.106380237821075,52.02141831742776
05,COTOPAXI,COT,Sierra,2020,1577.2551229550033,0.9468598409902551,471628,3344.2779541397103,30.881113541527995,18.87569591286341,50.2431905456086
05,COTOPAXI,COT,Sierra,2021,1650.347264927536,0.743385040004374,475870,3468.063262923773,29.807100702563066,18.932130868386576,51.260768429050366
05,COTOPAXI,COT,Sierra,2022,1604.733499279688,0.5222077719786222,480270,3341.315300309592,27.10216884457692,19.328933981886102,53.568897173536975
05,COTOPAXI,COT,Sierra,2023,1595.8527949874688,0.006454620737716965,484792,3291.829887843588,29.417304909391895,20.666692668482835,49.916002422125274
06,CHIMBORAZO,CHI,Sierra,2008,924.6310546107006,,470532,1965.075817607943,,,
06,CHIMBORAZO,CHI,Sierra,2009,1024.2361900030503,,473097,2164.960230149526,,,
06,CHIMBORAZO,CHI,Sierra,2010,1049.7576690406327,,476054,2205.1230932638578,,,
06,CHIMBORAZO,CHI,Sierra,2011,1111.5134887918093,,479597,2317.59891907541,,,
06,CHIMBORAZO,CHI,Sierra,2012,1057.8871130084133,,483513,2187.918655772261,,,
06,CHIMBORAZO,CHI,Sierra,2013,1135.1340838096764,,487594,2328.031279732065,,,
06,CHIMBORAZO,CHI,Sierra,2014,1224.1425522417542,,491540,2490.423062704468,,,
06,CHIMBORAZO,CHI,Sierra,2015,1321.85872825174,,495036,2670.2274748740297,,,
06,CHIMBORAZO,CHI,Sierra,2016,1376.9291309326384,,497820,2765.9176628754135,,,
06,CHIMBORAZO,CHI,Sierra,2017,1344.5314325122613,,499658,2690.9034429795206,,,
06,CHIMBORAZO,CHI,Sierra,2018,1339.9808400000002,3.7798434661900915,500340,2678.1405444297884,10.761638203722375,18.206378980762143,71.03198281551548
06,CHIMBORAZO,CHI,Sierra,2019,1379.2434901929473,3.020601819137725,499939,2758.8235568598316,11.59669475686761,17.55177097233947,70.85153427079291
06,CHIMBORAZO,CHI,Sierra,2020,1191.5418283411689,1.2749467841179918,498371,2390.8731213115707,11.545295200363562,16.08987977109639,72.36482502854005
06,CHIMBORAZO,CHI,Sierra,2021,1240.2201971014495,1.1016878964080767,495781,2501.5484601093012,12.892620882133768,17.118207030585936,69.9891720872803
06,CHIMBORAZO,CHI,Sierra,2022,1325.1889106050985,2.2783814287841375,493084,2687.5520410418885,13.055453603306013,16.277694360116868,70.66685203657713
06,CHIMBORAZO,CHI,Sierra,2023,1278.7426311779448,1.19838878357732,490774,2605.5631129154044,14.932791232814138,16.95095297287969,68.11625579430616
07,EL ORO,ORO,Costa,2008,2396.842059485256,,605244,3960.125270940738,,,
07,EL ORO,ORO,Costa,2009,2517.2758219271946,,613956,4100.091573218919,,,
07,EL ORO,ORO,Costa,2010,2483.9302443918423,,623388,3984.565382060358,,,
07,EL ORO,ORO,Costa,2011,2795.6957455495553,,634041,4409.329594694279,,,
07,EL ORO,ORO,Costa,2012,2997.478734528309,,645847,4641.159182481778,,,
07,EL ORO,ORO,Costa,2013,3201.00291099208,,658347,4862.181966337023,,,
07,EL ORO,ORO,Costa,2014,3365.1690254282166,,670987,5015.252196284304,,,
07,EL ORO,ORO,Costa,2015,3183.250122222368,,683445,4657.6536842355545,,,
07,EL ORO,ORO,Costa,2016,2999.6343350524376,,695673,4311.845270770085,,,
07,EL ORO,ORO,Costa,2017,3302.376885181762,,707579,4667.149371563829,,,
07,EL ORO,ORO,Costa,2018,3359.3977300000006,3.433733419757634,718677,4674.419426251293,30.544789050625454,16.288618793583577,53.16659215579098
07,EL ORO,ORO,Costa,2019,3385.5383328276785,3.007700695173021,728281,4648.670407202273,29.977000682215188,15.266827871027012,54.756171446757804
07,EL ORO,ORO,Costa,2020,3238.9672295500327,2.689659981123693,734775,4408.107556122667,30.864412442127936,14.027691460130354,55.107896097741715
07,EL ORO,ORO,Costa,2021,3568.664458919631,2.471143117911989,738399,4832.97574742061,33.518263157773895,15.000420571636432,51.48131627058966
07,EL ORO,ORO,Costa,2022,3649.812962249843,1.988557635258248,741473,4922.381478826394,28.58859411442134,17.361558901554965,54.049846984023695
07,EL ORO,ORO,Costa,2023,3780.234001804512,1.6771258890268204,744811,5075.427191333791,32.150287226753775,15.002073104481465,52.84763966876476
08,ESMERALDAS,ESM,Costa,2008,1811.3821610548732,,521765,3471.643673023053,,,
08,ESMERALDAS,ESM,Costa,2009,1814.852938035565,,528305,3435.2371036343875,,,
08,ESMERALDAS,ESM,Costa,2010,1690.6910536169687,,534870,3160.9382721352267,,,
08,ESMERALDAS,ESM,Costa,2011,1743.041290481593,,541579,3218.4432750930023,,,
08,ESMERALDAS,ESM,Costa,2012,1584.6956423728518,,548360,2889.8819067270624,,,
08,ESMERALDAS,ESM,Costa,2013,1513.855392329202,,555119,2727.082647737155,,,
08,ESMERALDAS,ESM,Costa,2014,1528.808328231402,,561698,2721.7621003304303,,,
08,ESMERALDAS,ESM,Costa,2015,1858.3708944086918,,567967,3271.9698405166,,,
08,ESMERALDAS,ESM,Costa,2016,2332.0645065465987,,573816,4064.1329390372503,,,
08,ESMERALDAS,ESM,Costa,2017,2400.473348829763,,579132,4144.950285651221,,,
08,ESMERALDAS,ESM,Costa,2018,2473.490509999999,3.1644378942546902,583774,4237.068643002256,10.36551743228641,43.65414767651565,45.980334891197955
08,ESMERALDAS,ESM,Costa,2019,2153.033868476381,1.7234174920816692,587721,3663.3604524534276,11.72582202957551,34.500121126007514,53.774056844416975
08,ESMERALDAS,ESM,Costa,2020,1951.4992913364665,1.4449457737119475,590909,3302.5377703444465,12.306235255840445,28.830662696692745,58.86310204746681
08,ESMERALDAS,ESM,Costa,2021,1999.0993226877467,1.3800893597606612,593324,3369.3215219471094,11.316447401040138,36.35121853808813,52.33233406087173
08,ESMERALDAS,ESM,Costa,2022,1743.7333662052072,0.9609483646354944,595674,2927.3283141537268,12.65501814734051,31.446004698279722,55.89897715437977
08,ESMERALDAS,ESM,Costa,2023,1701.5508429072686,1.175661799983474,598430,2843.3581921148148,16.440154211227192,30.146319654724024,53.41352613404878
09,GUAYAS,GUA,Costa,2008,17659.084455337175,,3608531,4893.704517250142,,,
09,GUAYAS,GUA,Costa,2009,18077.881274108007,,3680997,4911.137193023522,,,
09,GUAYAS,GUA,Costa,2010,19448.866105724293,,3757390,5176.163801395195,,,
09,GUAYAS,GUA,Costa,2011,20760.03802053355,,3838066,5408.984113491939,,,
09,GUAYAS,GUA,Costa,2012,22822.689163532963,,3919413,5822.986545059926,,,
09,GUAYAS,GUA,Costa,2013,25351.8279420255,,3999190,6339.240681744428,,,
09,GUAYAS,GUA,Costa,2014,27024.442754176307,,4078939,6625.360848538384,,,
09,GUAYAS,GUA,Costa,2015,26206.368322818373,,4158440,6301.971009036651,,,
09,GUAYAS,GUA,Costa,2016,27343.1556994127,,4235294,6456.023052806416,,,
09,GUAYAS,GUA,Costa,2017,29048.709314480788,,4315276,6731.599395839522,,,
09,GUAYAS,GUA,Costa,2018,29484.06878000001,5.259650387424952,4410700,6684.66882354275,7.230414994303917,25.922810270964234,66.84677473473184
09,GUAYAS,GUA,Costa,2019,30212.476522794408,5.269819822948674,4509756,6699.359460421896,7.850124294439555,25.24523478871882,66.90464091684163
09,GUAYAS,GUA,Costa,2020,29033.35946079248,4.087912904534963,4568499,6355.120020994309,7.598778796456775,24.329423212274083,68.07179799126915
09,GUAYAS,GUA,Costa,2021,30518.170495283277,3.9281113421218983,4601037,6632.88960625252,7.920737844066032,25.246061957954012,66.83320019797996
09,GUAYAS,GUA,Costa,2022,32576.907465858665,3.622556788200204,4643432,7015.696033851398,7.000879418020717,26.405563032181117,66.59355754979818
09,GUAYAS,GUA,Costa,2023,33841.95771609021,2.930627402329633,4690613,7214.826231899799,7.106627240186782,26.758541435057786,66.13483132475544
10,IMBABURA,IMB,Sierra,2008,1106.993513916247,,407834,2714.3237540672108,,,
10,IMBABURA,IMB,Sierra,2009,1172.9233544302292,,414105,2832.429829222611,,,
10,IMBABURA,IMB,Sierra,2010,1294.1801243316536,,420326,3078.9913646351965,,,
10,IMBABURA,IMB,Sierra,2011,1458.1715282020057,,426549,3418.5322863305405,,,
10,IMBABURA,IMB,Sierra,2012,1476.653762625848,,432916,3410.9475339923865,,,
10,IMBABURA,IMB,Sierra,2013,1528.7713634869228,,439391,3479.29603357129,,,
10,IMBABURA,IMB,Sierra,2014,1590.217039794638,,445695,3567.9490229745406,,,
10,IMBABURA,IMB,Sierra,2015,1532.6793822522122,,451794,3392.4296963930738,,,
10,IMBABURA,IMB,Sierra,2016,1467.9472526177271,,457639,3207.6533088694955,,,
10,IMBABURA,IMB,Sierra,2017,1516.697658514848,,463284,3273.796760766286,,,
10,IMBABURA,IMB,Sierra,2018,1567.2765999999997,3.53806810678714,468835,3342.9172310087765,10.116419781932558,23.402054238543474,66.48152597952397
10,IMBABURA,IMB,Sierra,2019,1580.7424355555554,3.028920115877476,474152,3333.830576598971,9.520108740731835,22.69772296856384,67.78216829070432
10,IMBABURA,IMB,Sierra,2020,1328.8754015849568,0.2649066171060088,478631,2776.4089697177087,10.22421265549081,21.381847684075275,68.39393966043392
10,IMBABURA,IMB,Sierra,2021,1334.914097918314,-0.8792748609055878,482224,2768.244836255172,10.685557684259928,23.70002613148561,65.61441618425447
10,IMBABURA,IMB,Sierra,2022,1461.356484789985,-0.10408033057887067,485913,3007.4447170377925,9.353240355457132,21.941356011504293,68.70540363303857
10,IMBABURA,IMB,Sierra,2023,1560.0468144360905,0.20271967569283067,489961,3184.022431246753,9.274158807850705,21.81955898934905,68.90628220280024
11,LOJA,LOJ,Sierra,2008,1265.710262333795,,473059,2675.5864751200065,,,
11,LOJA,LOJ,Sierra,2009,1324.5536806405016,,476310,2780.864732297247,,,
11,LOJA,LOJ,Sierra,2010,1284.245961385392,,479779,2676.744837488494,,,
11,LOJA,LOJ,Sierra,2011,1411.0144777423632,,483442,2918.6840980766324,,,
11,LOJA,LOJ,Sierra,2012,1415.9696583204952,,486872,2908.2996317728175,,,
11,LOJA,LOJ,Sierra,2013,1527.2378478279832,,489889,3117.5181476374914,,,
11,LOJA,LOJ,Sierra,2014,1459.6071298049703,,492523,2963.5309006989933,,,
11,LOJA,LOJ,Sierra,2015,1571.3971383042638,,494669,3176.6638667558786,,,
11,LOJA,LOJ,Sierra,2016,1546.8233961315912,,496260,3116.9616655212812,,,
11,LOJA,LOJ,Sierra,2017,1536.9998236944866,,497317,3090.5837196284997,,,
11,LOJA,LOJ,Sierra,2018,1526.83941,1.8933652470837892,497863,3066.7862644944494,6.443155668872865,12.76539619841225,80.79144813271488
11,LOJA,LOJ,Sierra,2019,1623.2797183233533,2.0545518334047275,497948,3259.938223114368,5.521644517399673,12.138101974712239,82.3402535078881
11,LOJA,LOJ,Sierra,2020,1421.2767374613832,1.0189950821935634,497465,2857.0386609337,4.893508164658196,10.905125931296354,84.20136590404545
11,LOJA,LOJ,Sierra,2021,1444.9410508563894,0.23787840312272657,496526,2910.1014868433667,5.032198834428046,12.204432376962208,82.76336878860975
11,LOJA,LOJ,Sierra,2022,1698.707689913817,1.837204832423156,496194,3423.474870542201,4.8528653789133305,10.733563328482713,84.41357129260396
11,LOJA,LOJ,Sierra,2023,1781.57345283208,1.552286323485541,496685,3586.9282398946616,5.153064023584892,10.797577986559991,84.04935798985511
12,LOS RÍOS,RIO,Costa,2008,2094.659382936628,,759674,2757.3135093956457,,,
12,LOS RÍOS,RIO,Costa,2009,2228.5481402824757,,774772,2876.392203490157,,,
12,LOS RÍOS,RIO,Costa,2010,2478.4224264979716,,790954,3133.4596278645427,,,
12,LOS RÍOS,RIO,Costa,2011,2683.349689818612,,805905,3329.6104253213616,,,
12,LOS RÍOS,RIO,Costa,2012,2564.8576322322388,,821167,3123.4299871186236,,,
12,LOS RÍOS,RIO,Costa,2013,2780.3558412769285,,836329,3324.4761825512787,,,
12,LOS RÍOS,RIO,Costa,2014,2948.558715507288,,851841,3461.3956307659387,,,
12,LOS RÍOS,RIO,Costa,2015,3092.897543445736,,867790,3564.1083020612546,,,
12,LOS RÍOS,RIO,Costa,2016,3056.586782302486,,883393,3460.053206559805,,,
12,LOS RÍOS,RIO,Costa,2017,3214.678620941543,,899364,3574.3910373792405,,,
12,LOS RÍOS,RIO,Costa,2018,3140.9802800000007,4.134630371468018,917992,3421.5769636336704,42.87403931106502,15.067813797290064,42.058146891644924
12,LOS RÍOS,RIO,Costa,2019,3144.135475608783,3.501804863219493,936316,3357.9854190345814,41.40927506015063,15.932658710268738,42.658066229580626
12,LOS RÍOS,RIO,Costa,2020,3253.176463989255,2.7574288803940528,945760,3439.7484181919885,44.58148575341224,15.278015965579394,40.14049828100838
12,LOS RÍOS,RIO,Costa,2021,3338.2884464822127,2.207945524171051,948792,3518.4618404057082,43.626050270500095,14.197341411964363,42.17660831753554
12,LOS RÍOS,RIO,Costa,2022,3333.8355337893504,2.6568870735901085,953060,3498.033212798093,43.5177540359313,12.264470684987685,44.21777527908102
12,LOS RÍOS,RIO,Costa,2023,3680.3604200501254,2.844008817835464,959805,3834.4876511896955,46.401328222970086,11.717745910348713,41.880925866681196
13,MANABÍ,MAN,Costa,2008,3431.5748355814612,,1368603,2507.355921024184,,,
13,MANABÍ,MAN,Costa,2009,3448.8842321274783,,1387168,2486.2772440882995,,,
13,MANABÍ,MAN,Costa,2010,3631.3013198387125,,1407769,2579.4724275351373,,,
13,MANABÍ,MAN,Costa,2011,4127.240462266811,,1430513,2885.1471201357913,,,
13,MANABÍ,MAN,Costa,2012,4229.288872212842,,1454264,2908.1988361211183,,,
13,MANABÍ,MAN,Costa,2013,4530.921660185411,,1478110,3065.3480865330803,,,
13,MANABÍ,MAN,Costa,2014,4570.987487779642,,1502715,3041.8192989220456,,,
13,MANABÍ,MAN,Costa,2015,4587.487999205335,,1527909,3002.4615335110498,,,
13,MANABÍ,MAN,Costa,2016,4789.29458710993,,1552094,3085.6987960200413,,,
13,MANABÍ,MAN,Costa,2017,5075.117585721986,,1576190,3219.864093619415,,,
13,MANABÍ,MAN,Costa,2018,4998.03937,3.8318566497810513,1604308,3115.3864282918244,12.661466490208939,23.112059439419735,64.22647407037131
13,MANABÍ,MAN,Costa,2019,4901.5025977910855,3.5774135659960127,1633131,3001.291750503227,12.904097448709583,22.70813349214346,64.38776905914698
13,MANABÍ,MAN,Costa,2020,4561.076732088648,2.3058596772190354,1650334,2763.729482691775,12.883279520805274,23.808459580496603,63.30826089869812
13,MANABÍ,MAN,Costa,2021,4861.210421080366,1.650253202023766,1659426,2929.452968122933,13.29264501141816,23.57229738937804,63.13505759920381
13,MANABÍ,MAN,Costa,2022,5249.8524520148785,2.1851942385141543,1670700,3142.3070880558316,12.225942044543492,25.055289892815747,62.71876806264075
13,MANABÍ,MAN,Costa,2023,5563.243049022557,2.073768293388434,1684317,3302.9667509278584,13.277006051721976,23.482842429965853,63.24015151831218
14,MORONA SANTIAGO,MOR,Amazonia,2008,296.3985359828806,,147818,2005.1586138554208,,,
14,MORONA SANTIAGO,MOR,Amazonia,2009,310.89101401052113,,151325,2054.4590385628358,,,
14,MORONA SANTIAGO,MOR,Amazonia,2010,327.7536220852798,,154863,2116.4101307948304,,,
14,MORONA SANTIAGO,MOR,Amazonia,2011,386.3648347686035,,158445,2438.4791869014707,,,
14,MORONA SANTIAGO,MOR,Amazonia,2012,379.03092344466154,,162242,2336.207168579416,,,
14,MORONA SANTIAGO,MOR,Amazonia,2013,356.2379056245518,,166198,2143.454828725687,,,
14,MORONA SANTIAGO,MOR,Amazonia,2014,371.3343088361724,,170152,2182.368169849149,,,
14,MORONA SANTIAGO,MOR,Amazonia,2015,416.68913419969664,,174078,2393.69210468696,,,
14,MORONA SANTIAGO,MOR,Amazonia,2016,426.39220509524483,,177950,2396.1348979783356,,,
14,MORONA SANTIAGO,MOR,Amazonia,2017,460.7202609919419,,181784,2534.4379097827195,,,
14,MORONA SANTIAGO,MOR,Amazonia,2018,453.10139,4.3354597361896285,185624,2440.963399129423,10.189006482632946,12.160178983339687,77.65081453402736
14,MORONA SANTIAGO,MOR,Amazonia,2019,446.34804396540267,3.6827593313619955,189402,2356.6173745018673,10.272121857202647,13.046554042991515,76.68132409980583
14,MORONA SANTIAGO,MOR,Amazonia,2020,425.9405371658831,2.6550094801242485,192900,2208.089876443147,10.381935688392437,11.265681629688139,78.35238268191944
14,MORONA SANTIAGO,MOR,Amazonia,2021,430.80947541501973,1.09478791087263,196157,2196.248287927628,9.05761691967615,12.392622440470552,78.5497606398533
14,MORONA SANTIAGO,MOR,Amazonia,2022,462.3410979660709,2.006720583548627,199453,2318.0453438457725,8.966243355090587,11.711240398033206,79.3225162468762
14,MORONA SANTIAGO,MOR,Amazonia,2023,493.45594486215526,3.3120134641363874,202851,2432.6029689878546,9.676389776769668,11.823042801768198,78.50056742146214
15,NAPO,NAP,Amazonia,2008,197.86319865553142,,103580,1910.2452081051497,,,
15,NAPO,NAP,Amazonia,2009,218.3378851889694,,105743,2064.7975297558173,,,
15,NAPO,NAP,Amazonia,2010,244.51562966602137,,107920,2265.7119131395607,,,
15,NAPO,NAP,Amazonia,2011,286.076322469806,,110129,2597.6475085563834,,,
15,NAPO,NAP,Amazonia,2012,280.57312374032983,,112423,2495.691484307747,,,
15,NAPO,NAP,Amazonia,2013,282.4045115711231,,114834,2459.2412662723855,,,
15,NAPO,NAP,Amazonia,2014,281.74890152291283,,117286,2402.238131771165,,,
15,NAPO,NAP,Amazonia,2015,310.723345916451,,119718,2595.4605482588336,,,
15,NAPO,NAP,Amazonia,2016,381.9044281537652,,122096,3127.9028645800454,,,
15,NAPO,NAP,Amazonia,2017,423.8438437153893,,124453,3405.6538911507905,,,
15,NAPO,NAP,Amazonia,2018,532.2706100000001,10.401950463509934,126836,4196.526301680911,29.052594130643435,25.623268960876867,45.324136908479694
15,NAPO,NAP,Amazonia,2019,498.16194469727213,8.598579567508935,129165,3856.787401364705,22.848047625506116,27.85335746255273,49.29859491194116
15,NAPO,NAP,Amazonia,2020,424.43085044996644,5.669592320443506,131206,3234.8433032785574,15.049361392466022,32.38874651018545,52.561892097348526
15,NAPO,NAP,Amazonia,2021,447.538889486166,4.576688768287074,132987,3365.282993722439,20.32765159175524,28.404320069117706,51.26802833912705
15,NAPO,NAP,Amazonia,2022,489.403884038828,5.721212278523535,134768,3631.454677956399,19.940525873569285,28.283517079788663,51.77595704664205
15,NAPO,NAP,Amazonia,2023,466.1848533333335,5.1401646609276375,136622,3412.2238975665227,18.289791653746416,28.029443130026614,53.680765216226966
16,PASTAZA,PAS,Amazonia,2008,1840.0506760499266,,79723,23080.54985449527,,,
16,PASTAZA,PAS,Amazonia,2009,1001.4569241303152,,82339,12162.607320107303,,,
16,PASTAZA,PAS,Amazonia,2010,970.3161800066374,,84980,11418.171099160243,,,
16,PASTAZA,PAS,Amazonia,2011,1609.8505403362772,,87631,18370.78819523088,,,
16,PASTAZA,PAS,Amazonia,2012,1437.8559398141315,,90291,15924.687286818526,,,
16,PASTAZA,PAS,Amazonia,2013,1406.1690761520704,,92987,15122.211450547606,,,
16,PASTAZA,PAS,Amazonia,2014,1293.1903026586356,,95685,13515.078671250829,,,
16,PASTAZA,PAS,Amazonia,2015,712.3618572004304,,98370,7241.657590733256,,,
16,PASTAZA,PAS,Amazonia,2016,624.9311107905561,,101047,6184.558777505083,,,
16,PASTAZA,PAS,Amazonia,2017,793.6278736150334,,103642,7657.396360693863,,,
16,PASTAZA,PAS,Amazonia,2018,875.86838,-7.154489942465236,105998,8263.065152172683,64.17216363033907,4.3985946838268095,31.42924168583412
16,PASTAZA,PAS,Amazonia,2019,782.906109274784,-2.431924030904431,108179,7237.135759017776,60.58257389106211,5.039429664320492,34.3779964446174
16,PASTAZA,PAS,Amazonia,2020,615.858738159839,-4.44425926065859,110462,5575.299543370924,55.05543207103143,5.064797898787492,39.87977003018108
16,PASTAZA,PAS,Amazonia,2021,881.708269196311,-5.842713185775706,112771,7818.5727642417905,67.4649089780036,4.4073210263543405,28.127769995642062
16,PASTAZA,PAS,Amazonia,2022,1065.4208590474461,-2.953342496789102,114969,9267.027277330812,72.45051892030497,3.5369202720904704,24.012560807604554
16,PASTAZA,PAS,Amazonia,2023,876.2506418045114,-4.619612913565529,117062,7485.355126381843,65.18497994323994,4.629847824664569,30.185172232095493
17,PICHINCHA,PIC,Sierra,2008,18580.057980810787,,2517379,7380.7154110727015,,,
17,PICHINCHA,PIC,Sierra,2009,18704.67361224391,,2577041,7258.197914679631,,,
17,PICHINCHA,PIC,Sierra,2010,20556.439415991445,,2637329,7794.416023177785,,,
17,PICHINCHA,PIC,Sierra,2011,22008.345211973476,,2697956,8157.414432249257,,,
17,PICHINCHA,PIC,Sierra,2012,23818.183713063947,,2757228,8638.452718840786,,,
17,PICHINCHA,PIC,Sierra,2013,26366.710941629735,,2814805,9367.153654206857,,,
17,PICHINCHA,PIC,Sierra,2014,28401.66543312179,,2872795,9886.422606946124,,,
17,PICHINCHA,PIC,Sierra,2015,26673.197751471223,,2931254,9099.585962687375,,,
17,PICHINCHA,PIC,Sierra,2016,26636.943429062252,,2987359,8916.552523169212,,,
17,PICHINCHA,PIC,Sierra,2017,28052.673208853594,,3043523,9217.171419060605,,,
17,PICHINCHA,PIC,Sierra,2018,28267.713530000005,4.285604198944881,3107396,9096.913792126914,3.0638060240735707,20.041545928316896,76.89464804760952
17,PICHINCHA,PIC,Sierra,2019,28072.94729346641,4.1438881078061485,3170064,8855.640546520957,3.1105563391509343,19.219207835025603,77.67023582582345
17,PICHINCHA,PIC,Sierra,2020,24657.52039887173,1.8357229431277045,3204953,7693.5669255904,3.136918470146156,17.800658685024924,79.06242284482892
17,PICHINCHA,PIC,Sierra,2021,26950.65461480896,2.046518573713363,3217582,8376.058361468009,3.1989768138393577,18.890479216796354,77.91054396936428
17,PICHINCHA,PIC,Sierra,2022,26761.56473990747,1.1719885545937725,3231547,8281.347831211328,3.074129011365024,19.334569136867586,77.5913018517674
17,PICHINCHA,PIC,Sierra,2023,28563.316087619045,0.8034199847282153,3250537,8787.260716496703,3.1214037870821567,19.163590057308316,77.71500615560953
18,TUNGURAHUA,TUN,Sierra,2008,1743.9897995690399,,501259,3479.218925882707,,,
18,TUNGURAHUA,TUN,Sierra,2009,1926.9343174275023,,507371,3797.8802837125145,,,
18,TUNGURAHUA,TUN,Sierra,2010,1975.2686471739664,,513731,3844.9473502162928,,,
18,TUNGURAHUA,TUN,Sierra,2011,2065.440281427973,,520490,3968.2612181367035,,,
18,TUNGURAHUA,TUN,Sierra,2012,2159.973524178455,,527377,4095.691553060629,,,
18,TUNGURAHUA,TUN,Sierra,2013,2279.463775076164,,534101,4267.851539458199,,,
18,TUNGURAHUA,TUN,Sierra,2014,2325.71612863079,,540609,4302.0299858692515,,,
18,TUNGURAHUA,TUN,Sierra,2015,2454.5309932559408,,546729,4489.483808716825,,,
18,TUNGURAHUA,TUN,Sierra,2016,2333.938075991217,,552241,4226.303508778264,,,
18,TUNGURAHUA,TUN,Sierra,2017,2547.6448976169713,,557286,4571.521440726972,,,
18,TUNGURAHUA,TUN,Sierra,2018,2524.90371,3.7695869387027736,562196,4491.1449209884095,7.588914351114006,26.209219281475093,66.2018663674109
18,TUNGURAHUA,TUN,Sierra,2019,2602.4633312574856,3.0508956594792247,566737,4592.012399503624,7.815946978978008,26.643824567656406,65.5402284533656
18,TUNGURAHUA,TUN,Sierra,2020,2173.2496977837473,0.9597684270898688,569872,3813.5751498296936,9.296647339739494,23.63519142953418,67.06816123072635
18,TUNGURAHUA,TUN,Sierra,2021,2384.719760737813,1.4477620257993262,571693,4171.329298658218,9.148569023717656,23.866259753474356,66.98517122280798
18,TUNGURAHUA,TUN,Sierra,2022,2472.3331141649287,1.3598258727293144,573786,4308.80696664772,9.661861267831128,23.266793969091847,67.07134476307702
18,TUNGURAHUA,TUN,Sierra,2023,2594.2021335338345,1.3017882114764845,576407,4500.643006649528,10.223935098489934,23.035191129665286,66.74087377184478
19,ZAMORA CHINCHIPE,ZAM,Amazonia,2008,219.47562948161087,,92191,2380.662206523531,,,
19,ZAMORA CHINCHIPE,ZAM,Amazonia,2009,259.4628132758162,,93682,2769.6122336822036,,,
19,ZAMORA CHINCHIPE,ZAM,Amazonia,2010,242.00789962468852,,95129,2543.997094731244,,,
19,ZAMORA CHINCHIPE,ZAM,Amazonia,2011,279.3702135925072,,96698,2889.1002253666798,,,
19,ZAMORA CHINCHIPE,ZAM,Amazonia,2012,275.3433821379394,,98526,2794.6266177246553,,,
19,ZAMORA CHINCHIPE,ZAM,Amazonia,2013,265.09908424597063,,100449,2639.1410989255305,,,
19,ZAMORA CHINCHIPE,ZAM,Amazonia,2014,277.03023427405634,,102330,2707.224023004557,,,
19,ZAMORA CHINCHIPE,ZAM,Amazonia,2015,302.588937156875,,104161,2905.011829349516,,,
19,ZAMORA CHINCHIPE,ZAM,Amazonia,2016,311.8026561463173,,105922,2943.7006112641125,,,
19,ZAMORA CHINCHIPE,ZAM,Amazonia,2017,298.07269232356145,,107662,2768.597019594299,,,
19,ZAMORA CHINCHIPE,ZAM,Amazonia,2018,314.38438,3.659107602362055,109489,2871.3786773100496,7.405011661202762,14.235497323372112,78.35949101542514
19,ZAMORA CHINCHIPE,ZAM,Amazonia,2019,347.1765254557552,2.955018973273771,111300,3119.2859429986993,6.356320495003123,16.26477907824709,77.37890042674978
19,ZAMORA CHINCHIPE,ZAM,Amazonia,2020,683.4289431296171,10.93954553922407,112755,6061.185252357918,52.4534097291652,8.549035347142324,38.997554923692476
19,ZAMORA CHINCHIPE,ZAM,Amazonia,2021,1050.4218767852435,14.161158106560112,113912,9221.345220742709,67.27293575831287,6.548717885933457,26.178346355753686
19,ZAMORA CHINCHIPE,ZAM,Amazonia,2022,1253.9418668602016,16.369796813243553,115101,10894.274305698487,69.632941694946,7.238220638517485,23.12883766653651
19,ZAMORA CHINCHIPE,ZAM,Amazonia,2023,1561.25249283208,19.400595204601,116363,13417.086984970136,72.8016153315255,6.229778840396065,20.96860582807844
20,GALÁPAGOS,GAL,Isla,2008,268.3257447285726,,24050,11156.995622809673,,,
20,GALÁPAGOS,GAL,Isla,2009,278.7190144337909,,24743,11264.560256791454,,,
20,GALÁPAGOS,GAL,Isla,2010,249.3294172601201,,25434,9802.996668244086,,,
20,GALÁPAGOS,GAL,Isla,2011,235.99869111343983,,26047,9060.49414955426,,,
20,GALÁPAGOS,GAL,Isla,2012,242.6170193951122,,26446,9174.053520196332,,,
20,GALÁPAGOS,GAL,Isla,2013,238.47867890444695,,26718,8925.768354833706,,,
20,GALÁPAGOS,GAL,Isla,2014,257.9432512553081,,26998,9554.161465860734,,,
20,GALÁPAGOS,GAL,Isla,2015,257.1749715305644,,27284,9425.852936906773,,,
20,GALÁPAGOS,GAL,Isla,2016,289.1115553090498,,27579,10483.032572212545,,,
20,GALÁPAGOS,GAL,Isla,2017,322.0909938573135,,27883,11551.518626306835,,,
20,GALÁPAGOS,GAL,Isla,2018,339.37767,2.3769276203682965,28205,12032.535720616912,6.519883880397906,6.503274066322631,86.97684205327946
20,GALÁPAGOS,GAL,Isla,2019,362.13324007984045,2.6526533134502595,28530,12693.068351904676,6.416754303198248,6.101514245419757,87.48173145138199
20,GALÁPAGOS,GAL,Isla,2020,244.32651712558763,-0.20248938651599158,28842,8471.205780652786,5.453224041117907,5.535860862231657,89.01091509665044
20,GALÁPAGOS,GAL,Isla,2021,220.08759230566534,-0.6955760423095092,29148,7550.692750983441,5.751505337174099,6.42452462065179,87.82397004217411
20,GALÁPAGOS,GAL,Isla,2022,237.34578019051077,-0.2194197441736656,29463,8055.723456216637,5.25936722928673,7.076154307930321,87.66447846278295
20,GALÁPAGOS,GAL,Isla,2023,265.8527695238095,1.0925527167808147,29808,8918.839557293664,4.6437510031368765,7.602593608621504,87.75365538824161
21,SUCUMBIOS,SUC,Amazonia,2008,6911.789638648382,,168800,40946.621082040176,,,
21,SUCUMBIOS,SUC,Amazonia,2009,4146.580097854012,,173440,23907.86495533909,,,
21,SUCUMBIOS,SUC,Amazonia,2010,9289.024940037965,,177907,52212.813099192084,,,
21,SUCUMBIOS,SUC,Amazonia,2011,8168.80621954611,,182295,44810.91757616013,,,
21,SUCUMBIOS,SUC,Amazonia,2012,6999.818353419416,,186604,37511.62008005946,,,
21,SUCUMBIOS,SUC,Amazonia,2013,7133.005842829534,,190537,37436.32912678133,,,
21,SUCUMBIOS,SUC,Amazonia,2014,5822.169579543209,,193781,30045.100291273186,,,
21,SUCUMBIOS,SUC,Amazonia,2015,3076.991631695966,,196773,15637.265436294441,,,
21,SUCUMBIOS,SUC,Amazonia,2016,2598.7191976632193,,199696,13013.376320322988,,,
21,SUCUMBIOS,SUC,Amazonia,2017,2475.263184429737,,202373,12231.192819347132,,,
21,SUCUMBIOS,SUC,Amazonia,2018,3268.8875099999996,-7.214321821586123,204827,15959.260790813709,75.75882260934699,9.413261822521386,14.827915568131617
21,SUCUMBIOS,SUC,Amazonia,2019,2850.4106698602814,-3.6788325833344904,206756,13786.350431717974,73.27490079086635,8.745906924956296,17.979192284177362
21,SUCUMBIOS,SUC,Amazonia,2020,2019.6606622431166,-14.15187232123516,207715,9723.22972458954,65.86712155101279,10.007059352115686,24.12581909687154
21,SUCUMBIOS,SUC,Amazonia,2021,2981.048042582346,-9.589048858462668,207728,14350.728079904231,75.70592661686773,8.28033020344914,16.01374317968314
21,SUCUMBIOS,SUC,Amazonia,2022,3661.580072415858,-6.274411381902533,207221,17669.927625172437,80.66421711155232,5.6021757749961,13.733607113451587
21,SUCUMBIOS,SUC,Amazonia,2023,2925.6750638596495,-8.526488528319787,206360,14177.529869449747,74.7017623686988,6.782830609275011,18.515407022026196
22,ORELLANA,ORE,Amazonia,2008,8739.633384780209,,127734,68420.57232044882,,,
22,ORELLANA,ORE,Amazonia,2009,4835.926804156949,,132694,36444.200974851534,,,
22,ORELLANA,ORE,Amazonia,2010,3801.1369959147437,,137128,27719.626888124556,,,
22,ORELLANA,ORE,Amazonia,2011,8288.683452886735,,141565,58550.372287548016,,,
22,ORELLANA,ORE,Amazonia,2012,9746.788591288523,,146050,66735.97118307787,,,
22,ORELLANA,ORE,Amazonia,2013,10105.960715826364,,150562,67121.589217906,,,
22,ORELLANA,ORE,Amazonia,2014,9875.897578493767,,155007,63712.5909055318,,,
22,ORELLANA,ORE,Amazonia,2015,3980.8695309256423,,159355,24981.139788055865,,,
22,ORELLANA,ORE,Amazonia,2016,3104.3926282411308,,163582,18977.593061835232,,,
22,ORELLANA,ORE,Amazonia,2017,4792.75477142815,,167616,28593.65914607287,,,
22,ORELLANA,ORE,Amazonia,2018,5376.224,-4.742667878909879,171519,31344.772299278797,87.84805636818704,1.8715399507163393,10.28040368109662
22,ORELLANA,ORE,Amazonia,2019,5404.450324524289,1.1176996190086719,175338,30823.04078137248,87.97103687030821,2.0620433245543435,9.96691980513744
22,ORELLANA,ORE,Amazonia,2020,3368.9002339288118,-1.1998821123959447,179067,18813.62972478911,83.31708747243648,2.672334057494898,14.010578470068621
22,ORELLANA,ORE,Amazonia,2021,5236.030593517787,-4.489380469502791,182673,28663.407255137798,88.97041851340731,1.878216942123865,9.151364544468828
22,ORELLANA,ORE,Amazonia,2022,6902.185405062144,-3.392129880066086,186166,37075.43485417393,91.4493872469954,1.5676134727305846,6.982999280274024
22,ORELLANA,ORE,Amazonia,2023,5487.073374235592,-5.924547443582695,189568,28945.145669288027,87.88816132460953,2.123337118312026,9.988501557078452
23,SANTO DOMINGO DE LOS TSACHILAS,SDT,Costa,2008,1072.9656499043656,,394740,2718.1579011611834,,,
23,SANTO DOMINGO DE LOS TSACHILAS,SDT,Costa,2009,1071.9972258737814,,404760,2648.4761979290975,,,
23,SANTO DOMINGO DE LOS TSACHILAS,SDT,Costa,2010,1161.2486124796537,,415122,2797.367069149922,,,
23,SANTO DOMINGO DE LOS TSACHILAS,SDT,Costa,2011,1234.990290120177,,426014,2898.9429692925046,,,
23,SANTO DOMINGO DE LOS TSACHILAS,SDT,Costa,2012,1482.217826768645,,437329,3389.2511742158536,,,
23,SANTO DOMINGO DE LOS TSACHILAS,SDT,Costa,2013,1468.549877343017,,448690,3272.97215748739,,,
23,SANTO DOMINGO DE LOS TSACHILAS,SDT,Costa,2014,1448.7189077951662,,459607,3152.081904312089,,,
23,SANTO DOMINGO DE LOS TSACHILAS,SDT,Costa,2015,1588.0999942283177,,469484,3382.6498756684314,,,
23,SANTO DOMINGO DE LOS TSACHILAS,SDT,Costa,2016,1624.6633262080713,,478160,3397.739932675404,,,
23,SANTO DOMINGO DE LOS TSACHILAS,SDT,Costa,2017,1747.3118926594693,,485919,3595.891275417239,,,
23,SANTO DOMINGO DE LOS TSACHILAS,SDT,Costa,2018,1806.04412,5.345079129565655,492964,3663.643024642773,14.98212347104787,20.964511099540577,64.05336542941154
23,SANTO DOMINGO DE LOS TSACHILAS,SDT,Costa,2019,1770.2122228077187,5.143678601911739,499418,3544.55030216716,11.267405970583217,21.64201060960222,67.09058341981455
23,SANTO DOMINGO DE LOS TSACHILAS,SDT,Costa,2020,1686.8656530826054,3.8043441217000984,504662,3342.5652279795295,15.378476800575527,19.838236869104588,64.7832863303199
23,SANTO DOMINGO DE LOS TSACHILAS,SDT,Costa,2021,1727.305983873517,3.4119133107416877,509041,3393.255128513257,16.196455741381634,18.69815153756403,65.10539272105433
23,SANTO DOMINGO DE LOS TSACHILAS,SDT,Costa,2022,1817.176514647555,2.0583419132442105,513692,3537.482605622737,16.57922835142151,18.161628941152834,65.25914270742565
23,SANTO DOMINGO DE LOS TSACHILAS,SDT,Costa,2023,1887.6130670676691,2.5421519665137504,518576,3639.993110108584,19.299261103442582,17.814093840224235,62.88664505633318
24,SANTA ELENA,SEL,Costa,2008,1042.8268109860585,,292376,3566.731917072737,,,
24,SANTA ELENA,SEL,Costa,2009,984.0826988249382,,301557,3263.338933683974,,,
24,SANTA ELENA,SEL,Costa,2010,944.4761759740892,,311046,3036.451765893434,,,
24,SANTA ELENA,SEL,Costa,2011,1001.494416911388,,320505,3124.738824390846,,,
24,SANTA ELENA,SEL,Costa,2012,1690.0278046338524,,329385,5130.85843202894,,,
24,SANTA ELENA,SEL,Costa,2013,1479.5688882336658,,337959,4377.9537998208825,,,
24,SANTA ELENA,SEL,Costa,2014,1626.1263839578057,,346630,4691.245373908218,,,
24,SANTA ELENA,SEL,Costa,2015,1219.0820831689032,,355363,3430.526203259493,,,
24,SANTA ELENA,SEL,Costa,2016,1060.721505423086,,364118,2913.1257049173237,,,
24,SANTA ELENA,SEL,Costa,2017,1301.7894013599655,,372604,3493.7612085752316,,,
24,SANTA ELENA,SEL,Costa,2018,1577.5863900000004,4.226486120399908,380264,4148.6609040035355,27.088792265759853,33.85775215771226,39.05345557652789
24,SANTA ELENA,SEL,Costa,2019,1352.7886105123084,3.2333056470013055,386955,3495.9843147454053,25.986575896403934,28.432488714033987,45.58093538956208
24,SANTA ELENA,SEL,Costa,2020,967.9026342511751,0.24531074662741403,392510,2465.931146343214,13.523111703649992,28.71022662316442,57.766661673185595
24,SANTA ELENA,SEL,Costa,2021,1111.2269322793143,1.0451382910275253,396709,2801.113491953332,15.377611471340016,31.322315095935092,53.30007343272489
24,SANTA ELENA,SEL,Costa,2022,1143.0357430100698,-3.835097385183095,399185,2863.423583075691,16.54331662402998,25.711854425180135,57.74482895078988
24,SANTA ELENA,SEL,Costa,2023,1147.2903077694236,-2.5114045498832005,400829,2862.2936658011863,14.9235689774116,24.842730865796067,60.233700156792324
99,ECUADOR,ECU,Nacional,2008,77727.07120051485,,14359090,5413.091721029316,,,
99,ECUADOR,ECU,Nacional,2009,71688.78699013071,,14616393,4904.683870372855,,,
99,ECUADOR,ECU,Nacional,2010,79837.96665696653,,14883661,5364.134983789709,,,
99,ECUADOR,ECU,Nacional,2011,88714.79547263402,,15160587,5851.672858882972,,,
99,ECUADOR,ECU,Nacional,2012,93641.04695518296,,15440550,6064.61861495756,,,
99,ECUADOR,ECU,Nacional,2013,100343.8242366804,,15717514,6384.20454002334,,,
99,ECUADOR,ECU,Nacional,2014,103102.3581604717,,15994366,6446.167241669455,,,
99,ECUADOR,ECU,Nacional,2015,92178.9840300953,,16269171,5665.868533196639,,,
99,ECUADOR,ECU,Nacional,2016,92041.84488916007,,16532265,5567.40681867609,,,
99,ECUADOR,ECU,Nacional,2017,98906.94754972208,,16792803,5889.8414725476205,,,
99,ECUADOR,ECU,Nacional,2018,101468.14894,2.7012532848222914,17077883,5941.494559952191,16.457008622355186,21.315230657049966,62.22776072059485
99,ECUADOR,ECU,Nacional,2019,101072.07732907521,3.494672832298984,17356880,5823.170830764239,16.12781166830639,20.5565770653794,63.31561126631421
99,ECUADOR,ECU,Nacional,2020,90719.27606393554,1.2859045127193935,17526455,5176.1337968194675,14.663563944809333,19.88393939220906,65.4524966629816
99,ECUADOR,ECU,Nacional,2021,99700.74860100131,1.174306536854841,17614396,5660.185486973343,17.576940662282322,20.15877084059938,62.2642884971183
99,ECUADOR,ECU,Nacional,2022,105571.57396762406,1.2064225305522092,17715301,5959.34407028275,18.836227191335375,20.01301072526751,61.15076208339711
99,ECUADOR,ECU,Nacional,2023,107533.57739147868,0.6944060503255578,17834831,6029.413869493839,17.3440067824512,20.420044051117713,62.23594916643109
